{"Display Name Change": [{"Date": "2021-03-27 07:06:17 UTC", "Display Name": "Arnav"}, {"Date": "2021-03-12 02:16:37 UTC", "Display Name": "AC"}, {"Date": "2020-08-01 20:19:35 UTC", "Display Name": "Arnav"}, {"Date": "2016-10-23 12:46:00 UTC", "Display Name": "Arnav Chandan"}, {"Date": "2016-10-23 12:42:06 UTC", "Display Name": "Arnav"}], "Email Change": [], "Mobile Number Change": [{"Date": "2019-01-04 18:26:34 UTC", "Mobile Number": "+17785383008"}, {"Date": "2015-02-15 13:21:36 UTC", "Mobile Number": "+919029927033"}], "Password Change": [{"Date": "2018-12-24 06:29:36 UTC"}, {"Date": "2018-12-14 14:22:51 UTC"}, {"Date": "2018-05-25 07:42:26 UTC"}, {"Date": "2017-12-15 07:29:53 UTC"}, {"Date": "2017-12-12 03:54:23 UTC"}, {"Date": "2017-07-01 14:37:37 UTC"}, {"Date": "2017-01-07 07:10:44 UTC"}], "Snapchat Linked to Bitmoji": [{"Date": "2017-06-29 15:12:49 UTC"}, {"Date": "2017-06-25 10:28:37 UTC"}], "Spectacles": [], "Two-Factor Authentication": [{"Date": "2017-06-29 11:54:35 UTC", "Event": "SMS disabled"}, {"Date": "2016-10-23 12:56:26 UTC", "Event": "SMS enabled"}], "Account deactivated / reactivated": []}