{"Basic Information": {"Username": "arnav.c", "Name": "Arnav", "Creation Date": "2015-02-15 13:19:29 UTC", "PhoneNumber": "+17785383008", "Carrier": "Rogers Communications Canada Inc."}, "Device Information": {"Make": "Apple", "Model ID": "iPhone14,2", "Model Name": "iPhone 13 Pro", "User Agent": "", "Language": "en", "OS Type": "iOS", "OS Version": "iOS 15.1.1", "Connection Type": "WIFI, CELL"}, "Device History": [{"Make": "", "Model": "iPhone14,2", "Start Time": "2021-09-25 02:00:00 UTC", "Device Type": ""}, {"Make": "Apple", "Model": "iPhone11,2", "Start Time": "2018-12-24 06:00:00 UTC", "Device Type": "PHONE"}, {"Make": "Apple", "Model": "iPhone8,1", "Start Time": "2016-10-23 12:00:00 UTC", "Device Type": "PHONE"}, {"Make": "Apple", "Model": "iPad4,2", "Start Time": "2017-06-29 12:00:00 UTC", "Device Type": "PHONE"}, {"Make": "Motorola", "Model": "XT1033", "Start Time": "2017-04-15 02:00:00 UTC", "Device Type": "PHONE"}, {"Make": "Samsung", "Model": "SM-G900F", "Start Time": "2017-06-29 13:00:00 UTC", "Device Type": "PHONE"}], "Privacy Policy and Terms of Service Acceptance History": [], "Custom Creative Tools Terms": [], "Login History": [{"IP": "2604:3d08:b27f:b800:b052:a666:3db0:deea", "Country": "CA", "Created": "2022-02-13 10:21:22 UTC", "Status": "success", "Device": "Mozilla/5.0 (iPhone; CPU iPhone OS 15_1_1 like Mac OS X) AppleWebKit/605.1.15 (KHTML, like Gecko) Version/15.1 Mobile/15E148 Safari/604.1"}, {"IP": "174.4.154.240", "Country": "CA", "Created": "2021-09-25 02:37:34 UTC", "Status": "success", "Device": "Snapchat/11.46.0.23 (iPhone14,2; iOS 15.0; gzip)"}]}