{"Basic Information": {"First Name": "", "Last Name": "", "Email": "", "Phone Number": "", "Account Creation Date": "2017-06-25 10:28:38 UTC", "Account Creation User Agent": ""}, "Analytics": {"App Open Count": 0, "Avatar Gender": "male", "Outfit Save Count": 0, "Share Count": 0}, "Terms of Service Acceptance History": [{"Version": "Bitmoji Privacy Policy &amp; Terms of Service - January 10, 2017", "Acceptance Date": "2017-06-29 15:12:54"}], "Search History": [], "Support Cases": [], "Selfies": [], "Keyboard Enable Full Access History (iOS only)": [], "Connected Apps": []}