{"Email Campaign Subscriptions": [{"Email Campaign": "Creative Effects", "Opt Out Status": ""}, {"Email Campaign": "Product Updates", "Opt Out Status": ""}, {"Email Campaign": "Discover Updates", "Opt Out Status": ""}, {"Email Campaign": "Research Surveys", "Opt Out Status": ""}, {"Email Campaign": "Lens Studio", "Opt Out Status": ""}, {"Email Campaign": "Developer Platform Update", "Opt Out Status": ""}, {"Email Campaign": "Friending", "Opt Out Status": ""}], "Email Campaign History": [{"Email Subject": "Your trip down memory lane", "Date": "2022-01-08 18:50:09 UTC"}, {"Email Subject": "New Day, New Lenses", "Date": "2021-09-26 17:51:00 UTC"}, {"Email Subject": "Share more moments with friends", "Date": "2020-03-01 18:50:30 UTC"}]}