[{"Date and time (hourly)": "2022-01-31 02:00:00 UTC", "Search Term": "ku", "Location": "lat 50.672 \u00b1 35.33 meters, long -120.352 \u00b1 35.33 meters"}, {"Date and time (hourly)": "2022-01-31 02:00:00 UTC", "Search Term": "k", "Location": "lat 50.672 \u00b1 35.33 meters, long -120.352 \u00b1 35.33 meters"}, {"Date and time (hourly)": "2022-01-21 23:00:00 UTC", "Search Term": "gi", "Location": "lat 50.672 \u00b1 35.33 meters, long -120.352 \u00b1 35.33 meters"}, {"Date and time (hourly)": "2022-01-21 23:00:00 UTC", "Search Term": "g", "Location": "lat 50.672 \u00b1 35.33 meters, long -120.352 \u00b1 35.33 meters"}, {"Date and time (hourly)": "2022-01-21 23:00:00 UTC", "Search Term": "go", "Location": "lat 50.672 \u00b1 35.33 meters, long -120.352 \u00b1 35.33 meters"}, {"Date and time (hourly)": "2022-01-21 23:00:00 UTC", "Search Term": "g", "Location": "lat 50.672 \u00b1 35.33 meters, long -120.352 \u00b1 35.33 meters"}, {"Date and time (hourly)": "2022-01-23 07:00:00 UTC", "Search Term": "nic", "Location": "lat 50.672 \u00b1 35.33 meters, long -120.352 \u00b1 35.33 meters"}, {"Date and time (hourly)": "2022-01-23 07:00:00 UTC", "Search Term": "ni", "Location": "lat 50.672 \u00b1 35.33 meters, long -120.352 \u00b1 35.33 meters"}, {"Date and time (hourly)": "2022-01-23 07:00:00 UTC", "Search Term": "n", "Location": "lat 50.672 \u00b1 35.33 meters, long -120.352 \u00b1 35.33 meters"}, {"Date and time (hourly)": "2022-01-26 07:00:00 UTC", "Search Term": "naz", "Location": "lat 50.672 \u00b1 35.33 meters, long -120.352 \u00b1 35.33 meters"}, {"Date and time (hourly)": "2022-01-26 07:00:00 UTC", "Search Term": "na", "Location": "lat 50.672 \u00b1 35.33 meters, long -120.352 \u00b1 35.33 meters"}, {"Date and time (hourly)": "2022-01-26 07:00:00 UTC", "Search Term": "n", "Location": "lat 50.672 \u00b1 35.33 meters, long -120.352 \u00b1 35.33 meters"}, {"Date and time (hourly)": "2022-02-04 23:00:00 UTC", "Search Term": "vish", "Location": "lat 50.668 \u00b1 35.33 meters, long -120.369 \u00b1 35.33 meters"}, {"Date and time (hourly)": "2022-02-04 23:00:00 UTC", "Search Term": "vis", "Location": "lat 50.668 \u00b1 35.33 meters, long -120.369 \u00b1 35.33 meters"}, {"Date and time (hourly)": "2022-02-04 23:00:00 UTC", "Search Term": "vi", "Location": "lat 50.668 \u00b1 35.33 meters, long -120.369 \u00b1 35.33 meters"}, {"Date and time (hourly)": "2022-02-04 23:00:00 UTC", "Search Term": "v", "Location": "lat 50.668 \u00b1 35.33 meters, long -120.369 \u00b1 35.33 meters"}, {"Date and time (hourly)": "2022-02-03 05:00:00 UTC", "Search Term": "man", "Location": "lat 50.672 \u00b1 35.33 meters, long -120.352 \u00b1 35.33 meters"}, {"Date and time (hourly)": "2022-02-03 05:00:00 UTC", "Search Term": "ma", "Location": "lat 50.672 \u00b1 35.33 meters, long -120.352 \u00b1 35.33 meters"}, {"Date and time (hourly)": "2022-02-03 05:00:00 UTC", "Search Term": "m", "Location": "lat 50.672 \u00b1 35.33 meters, long -120.352 \u00b1 35.33 meters"}, {"Date and time (hourly)": "2022-01-13 23:00:00 UTC", "Search Term": "uj", "Location": "lat 50.654 \u00b1 35.33 meters, long -120.372 \u00b1 35.33 meters"}, {"Date and time (hourly)": "2022-01-13 23:00:00 UTC", "Search Term": "u", "Location": "lat 50.654 \u00b1 35.33 meters, long -120.372 \u00b1 35.33 meters"}, {"Date and time (hourly)": "2022-01-23 23:00:00 UTC", "Search Term": "vis", "Location": "lat 50.672 \u00b1 35.33 meters, long -120.352 \u00b1 35.33 meters"}, {"Date and time (hourly)": "2022-01-23 23:00:00 UTC", "Search Term": "vi", "Location": "lat 50.672 \u00b1 35.33 meters, long -120.352 \u00b1 35.33 meters"}, {"Date and time (hourly)": "2022-01-23 23:00:00 UTC", "Search Term": "v", "Location": "lat 50.672 \u00b1 35.33 meters, long -120.352 \u00b1 35.33 meters"}, {"Date and time (hourly)": "2022-02-06 23:00:00 UTC", "Search Term": "chr", "Location": "lat 50.655 \u00b1 8.83 meters, long -120.371 \u00b1 8.83 meters"}, {"Date and time (hourly)": "2022-02-06 23:00:00 UTC", "Search Term": "ch", "Location": "lat 50.655 \u00b1 8.83 meters, long -120.371 \u00b1 8.83 meters"}, {"Date and time (hourly)": "2022-02-06 23:00:00 UTC", "Search Term": "c", "Location": "lat 50.655 \u00b1 8.83 meters, long -120.371 \u00b1 8.83 meters"}, {"Date and time (hourly)": "2022-02-04 18:00:00 UTC", "Search Term": "taran", "Location": "lat 50.672 \u00b1 35.33 meters, long -120.366 \u00b1 35.33 meters"}, {"Date and time (hourly)": "2022-02-04 18:00:00 UTC", "Search Term": "tara", "Location": "lat 50.672 \u00b1 35.33 meters, long -120.366 \u00b1 35.33 meters"}, {"Date and time (hourly)": "2022-02-04 18:00:00 UTC", "Search Term": "tar", "Location": "lat 50.672 \u00b1 35.33 meters, long -120.366 \u00b1 35.33 meters"}, {"Date and time (hourly)": "2022-02-04 18:00:00 UTC", "Search Term": "ta", "Location": "lat 50.672 \u00b1 35.33 meters, long -120.366 \u00b1 35.33 meters"}, {"Date and time (hourly)": "2022-02-04 18:00:00 UTC", "Search Term": "t", "Location": "lat 50.672 \u00b1 35.33 meters, long -120.366 \u00b1 35.33 meters"}, {"Date and time (hourly)": "2022-02-08 18:00:00 UTC", "Search Term": "ni", "Location": "lat 50.672 \u00b1 8.83 meters, long -120.364 \u00b1 8.83 meters"}, {"Date and time (hourly)": "2022-02-08 18:00:00 UTC", "Search Term": "n", "Location": "lat 50.672 \u00b1 8.83 meters, long -120.364 \u00b1 8.83 meters"}, {"Date and time (hourly)": "2022-02-03 03:00:00 UTC", "Search Term": "ru", "Location": "lat 50.672 \u00b1 35.33 meters, long -120.352 \u00b1 35.33 meters"}, {"Date and time (hourly)": "2022-02-03 03:00:00 UTC", "Search Term": "r", "Location": "lat 50.672 \u00b1 35.33 meters, long -120.352 \u00b1 35.33 meters"}, {"Date and time (hourly)": "2022-02-08 23:00:00 UTC", "Search Term": "chri", "Location": "lat 50.655 \u00b1 8.83 meters, long -120.371 \u00b1 8.83 meters"}, {"Date and time (hourly)": "2022-02-08 23:00:00 UTC", "Search Term": "chr", "Location": "lat 50.655 \u00b1 8.83 meters, long -120.371 \u00b1 8.83 meters"}, {"Date and time (hourly)": "2022-02-08 23:00:00 UTC", "Search Term": "ch", "Location": "lat 50.655 \u00b1 8.83 meters, long -120.371 \u00b1 8.83 meters"}, {"Date and time (hourly)": "2022-02-08 23:00:00 UTC", "Search Term": "c", "Location": "lat 50.655 \u00b1 8.83 meters, long -120.371 \u00b1 8.83 meters"}, {"Date and time (hourly)": "2022-01-28 06:00:00 UTC", "Search Term": "uj", "Location": "lat 50.672 \u00b1 35.33 meters, long -120.352 \u00b1 35.33 meters"}, {"Date and time (hourly)": "2022-01-28 06:00:00 UTC", "Search Term": "u", "Location": "lat 50.672 \u00b1 35.33 meters, long -120.352 \u00b1 35.33 meters"}, {"Date and time (hourly)": "2022-01-27 20:00:00 UTC", "Search Term": "sa", "Location": "lat 50.671 \u00b1 35.33 meters, long -120.363 \u00b1 35.33 meters"}, {"Date and time (hourly)": "2022-01-27 20:00:00 UTC", "Search Term": "s", "Location": "lat 50.671 \u00b1 35.33 meters, long -120.363 \u00b1 35.33 meters"}, {"Date and time (hourly)": "2022-01-27 20:00:00 UTC", "Search Term": "sai", "Location": "lat 50.671 \u00b1 35.33 meters, long -120.363 \u00b1 35.33 meters"}, {"Date and time (hourly)": "2022-01-27 20:00:00 UTC", "Search Term": "sa", "Location": "lat 50.671 \u00b1 35.33 meters, long -120.363 \u00b1 35.33 meters"}, {"Date and time (hourly)": "2022-01-27 20:00:00 UTC", "Search Term": "s", "Location": "lat 50.671 \u00b1 35.33 meters, long -120.363 \u00b1 35.33 meters"}, {"Date and time (hourly)": "2022-01-27 20:00:00 UTC", "Search Term": "sai", "Location": "lat 50.671 \u00b1 35.33 meters, long -120.363 \u00b1 35.33 meters"}, {"Date and time (hourly)": "2022-01-27 20:00:00 UTC", "Search Term": "sa", "Location": "lat 50.671 \u00b1 35.33 meters, long -120.363 \u00b1 35.33 meters"}, {"Date and time (hourly)": "2022-01-27 20:00:00 UTC", "Search Term": "s", "Location": "lat 50.671 \u00b1 35.33 meters, long -120.363 \u00b1 35.33 meters"}, {"Date and time (hourly)": "2022-01-23 07:00:00 UTC", "Search Term": "tal", "Location": "lat 50.672 \u00b1 35.33 meters, long -120.352 \u00b1 35.33 meters"}, {"Date and time (hourly)": "2022-01-23 07:00:00 UTC", "Search Term": "ta", "Location": "lat 50.672 \u00b1 35.33 meters, long -120.352 \u00b1 35.33 meters"}, {"Date and time (hourly)": "2022-01-23 07:00:00 UTC", "Search Term": "t", "Location": "lat 50.672 \u00b1 35.33 meters, long -120.352 \u00b1 35.33 meters"}, {"Date and time (hourly)": "2022-02-04 17:00:00 UTC", "Search Term": "uj", "Location": "lat 50.672 \u00b1 35.33 meters, long -120.364 \u00b1 35.33 meters"}, {"Date and time (hourly)": "2022-02-04 17:00:00 UTC", "Search Term": "u", "Location": "lat 50.672 \u00b1 35.33 meters, long -120.364 \u00b1 35.33 meters"}, {"Date and time (hourly)": "2022-01-28 06:00:00 UTC", "Search Term": "vish", "Location": "lat 50.672 \u00b1 35.33 meters, long -120.352 \u00b1 35.33 meters"}, {"Date and time (hourly)": "2022-01-28 06:00:00 UTC", "Search Term": "vis", "Location": "lat 50.672 \u00b1 35.33 meters, long -120.352 \u00b1 35.33 meters"}, {"Date and time (hourly)": "2022-01-28 06:00:00 UTC", "Search Term": "vi", "Location": "lat 50.672 \u00b1 35.33 meters, long -120.352 \u00b1 35.33 meters"}, {"Date and time (hourly)": "2022-01-28 06:00:00 UTC", "Search Term": "v", "Location": "lat 50.672 \u00b1 35.33 meters, long -120.352 \u00b1 35.33 meters"}, {"Date and time (hourly)": "2022-01-14 17:00:00 UTC", "Search Term": "uj", "Location": "lat 50.672 \u00b1 35.33 meters, long -120.364 \u00b1 35.33 meters"}, {"Date and time (hourly)": "2022-01-14 17:00:00 UTC", "Search Term": "u", "Location": "lat 50.672 \u00b1 35.33 meters, long -120.364 \u00b1 35.33 meters"}, {"Date and time (hourly)": "2022-01-27 22:00:00 UTC", "Search Term": "azi", "Location": "lat 50.672 \u00b1 35.33 meters, long -120.352 \u00b1 35.33 meters"}, {"Date and time (hourly)": "2022-01-27 22:00:00 UTC", "Search Term": "az", "Location": "lat 50.672 \u00b1 35.33 meters, long -120.352 \u00b1 35.33 meters"}, {"Date and time (hourly)": "2022-01-27 22:00:00 UTC", "Search Term": "a", "Location": "lat 50.672 \u00b1 35.33 meters, long -120.352 \u00b1 35.33 meters"}, {"Date and time (hourly)": "2022-02-03 20:00:00 UTC", "Search Term": "sun", "Location": "lat 50.672 \u00b1 35.33 meters, long -120.352 \u00b1 35.33 meters"}, {"Date and time (hourly)": "2022-02-03 20:00:00 UTC", "Search Term": "su", "Location": "lat 50.672 \u00b1 35.33 meters, long -120.352 \u00b1 35.33 meters"}, {"Date and time (hourly)": "2022-02-03 20:00:00 UTC", "Search Term": "s", "Location": "lat 50.672 \u00b1 35.33 meters, long -120.352 \u00b1 35.33 meters"}, {"Date and time (hourly)": "2022-01-31 02:00:00 UTC", "Search Term": "ru", "Location": "lat 50.672 \u00b1 35.33 meters, long -120.352 \u00b1 35.33 meters"}, {"Date and time (hourly)": "2022-01-31 02:00:00 UTC", "Search Term": "r", "Location": "lat 50.672 \u00b1 35.33 meters, long -120.352 \u00b1 35.33 meters"}, {"Date and time (hourly)": "2022-02-09 18:00:00 UTC", "Search Term": "nit", "Location": "lat 50.655 \u00b1 8.83 meters, long -120.371 \u00b1 8.83 meters"}, {"Date and time (hourly)": "2022-02-09 18:00:00 UTC", "Search Term": "ni", "Location": "lat 50.655 \u00b1 8.83 meters, long -120.371 \u00b1 8.83 meters"}, {"Date and time (hourly)": "2022-02-09 18:00:00 UTC", "Search Term": "n", "Location": "lat 50.655 \u00b1 8.83 meters, long -120.371 \u00b1 8.83 meters"}]