{"Shared Story": [], "Spotlight History": [{"Story Date": "2022-01-13 23:00:00 UTC", "Story URL": "https://story.snapchat.com/o/W7_EDlXWTBiXAEEniNoMPwAAYYnFpcnVqanB4AXxX2QNVAXxX2PW2AAAAAA", "Action Type": "VIEW", "View Time": "0.87 seconds"}, {"Story Date": "2022-01-01 04:00:00 UTC", "Story URL": "https://story.snapchat.com/o/W7_EDlXWTBiXAEEniNoMPwAAYbW1xeHp2cmxvAX2lpna3AX2lpmQeAAAAAA", "Action Type": "VIEW", "View Time": "1.74 seconds"}, {"Story Date": "2022-01-01 03:00:00 UTC", "Story URL": "https://story.snapchat.com/o/W7_EDlXWTBiXAEEniNoMPwAAYbW1xeHp2cmxvAX2lpna3AX2lpmQeAAAAAA", "Action Type": "VIEW", "View Time": "0.25 seconds"}, {"Story Date": "2021-12-18 05:00:00 UTC", "Story URL": "https://story.snapchat.com/o/W7_EDlXWTBiXAEEniNoMPwAAYYnBsbWRyaHpnAX3Jjwi_AX3Jju7hAAAAAA", "Action Type": "VIEW", "View Time": "0.44 seconds"}, {"Story Date": "2021-12-17 12:00:00 UTC", "Story URL": "https://story.snapchat.com/o/W7_EDlXWTBiXAEEniNoMPwAAYc3ZwZXZwZXpxAX2mP3oZAX2mP3lsAAAAAA", "Action Type": "VIEW", "View Time": "1.10 seconds"}, {"Story Date": "2021-12-15 05:00:00 UTC", "Story URL": "https://story.snapchat.com/o/W7_EDlXWTBiXAEEniNoMPwAAYamx3ZXZsZXJuAX2mlsMXAX2mlsEkAAAAAA", "Action Type": "VIEW", "View Time": "11.25 seconds"}, {"Story Date": "2021-12-12 08:00:00 UTC", "Story URL": "https://story.snapchat.com/o/W7_EDlXWTBiXAEEniNoMPwAAYdW9ranRhaHl5AXv2Go-AAXv2GnNcAAAAAA", "Action Type": "VIEW", "View Time": "10.77 seconds"}, {"Story Date": "2021-12-12 08:00:00 UTC", "Story URL": "https://story.snapchat.com/o/W7_EDlXWTBiXAEEniNoMPwAAYaGVvZGZ0bmFjAX0V1jaqAX0V1icxAAAAAA", "Action Type": "VIEW", "View Time": "0.80 seconds"}, {"Story Date": "2021-11-29 04:00:00 UTC", "Story URL": "https://story.snapchat.com/o/W7_EDlXWTBiXAEEniNoMPwAAYaWhqbmxudnpzAX1e-9RnAX1e-8qZAAAAAA", "Action Type": "VIEW", "View Time": "2.53 seconds"}, {"Story Date": "2021-11-21 14:00:00 UTC", "Story URL": "https://story.snapchat.com/o/W7_EDlXWTBiXAEEniNoMPwAAYb211aGdlaHZjAX0Wb-kyAX0Wb-WzAAAAAA", "Action Type": "VIEW", "View Time": "2.35 seconds"}, {"Story Date": "2021-11-17 08:00:00 UTC", "Story URL": "https://story.snapchat.com/o/W7_EDlXWTBiXAEEniNoMPwAAY14xfpshulOMCAXq1BoEpAXq1BoEoAO1OAA", "Action Type": "VIEW", "View Time": "2.25 seconds"}]}