{"Game Scores": [{"Game": "Ludo Club", "Leaderboard": "Games won", "Best Score": 0, "Best Score Achievement Time": "2021-05-02 17:47:27 UTC"}, {"Game": "Sugar Slam", "Leaderboard": "Top Score", "Best Score": "35000", "Best Score Achievement Time": "2020-05-29 08:54:42 UTC"}], "Sessions": [{"Game/Mini": "Birthdays", "Start Time": "2021-10-02 20:19:22 UTC", "Total Time": "20.17 s", "Max Participants": 1, "Voice Party Time": "0 s", "Invites Sent": 0}], "Lets Do It Data": [], "ldi_data": {"Lists": [], "Options": []}}