{"Received Snap History": [{"From": "sunil_mandan99", "Media Type": "IMAGE", "Created": "2022-02-13 09:16:02 UTC"}, {"From": "jensonaviation", "Media Type": "IMAGE", "Created": "2022-02-13 09:09:19 UTC"}, {"From": "gtanu97", "Media Type": "IMAGE", "Created": "2022-02-13 07:30:29 UTC"}, {"From": "wildadita08", "Media Type": "IMAGE", "Created": "2022-02-13 07:27:43 UTC"}, {"From": "skhare320", "Media Type": "IMAGE", "Created": "2022-02-13 05:46:47 UTC"}, {"From": "gaganravi7", "Media Type": "IMAGE", "Created": "2022-02-13 00:29:55 UTC"}, {"From": "z_rhea0607", "Media Type": "IMAGE", "Created": "2022-02-12 19:54:33 UTC"}, {"From": "gtanu97", "Media Type": "IMAGE", "Created": "2022-02-12 18:02:41 UTC"}, {"From": "saivishal24", "Media Type": "IMAGE", "Created": "2022-02-12 16:41:52 UTC"}, {"From": "venus_das", "Media Type": "IMAGE", "Created": "2022-02-12 15:25:27 UTC"}, {"From": "kosa_ramani20", "Media Type": "IMAGE", "Created": "2022-02-12 14:32:14 UTC"}, {"From": "wildadita08", "Media Type": "IMAGE", "Created": "2022-02-12 13:25:42 UTC"}, {"From": "jensonaviation", "Media Type": "IMAGE", "Created": "2022-02-12 11:51:27 UTC"}, {"From": "cd7cyril", "Media Type": "IMAGE", "Created": "2022-02-12 10:11:00 UTC"}, {"From": "jensonaviation", "Media Type": "IMAGE", "Created": "2022-02-12 09:05:16 UTC"}, {"From": "wildadita08", "Media Type": "IMAGE", "Created": "2022-02-12 08:55:44 UTC"}, {"From": "gtanu97", "Media Type": "IMAGE", "Created": "2022-02-12 07:59:37 UTC"}, {"From": "skhare320", "Media Type": "IMAGE", "Created": "2022-02-12 06:23:46 UTC"}, {"From": "kosa_ramani20", "Media Type": "IMAGE", "Created": "2022-02-12 05:50:13 UTC"}, {"From": "saivishal24", "Media Type": "VIDEO", "Created": "2022-02-12 05:10:55 UTC"}, {"From": "jensonaviation", "Media Type": "IMAGE", "Created": "2022-02-12 05:05:32 UTC"}, {"From": "jensonaviation", "Media Type": "IMAGE", "Created": "2022-02-12 02:37:34 UTC"}, {"From": "rushae96", "Media Type": "VIDEO", "Created": "2022-02-12 01:31:46 UTC"}, {"From": "gaganravi7", "Media Type": "IMAGE", "Created": "2022-02-12 00:13:25 UTC"}, {"From": "gtanu97", "Media Type": "IMAGE", "Created": "2022-02-11 22:20:48 UTC"}, {"From": "z_rhea0607", "Media Type": "IMAGE", "Created": "2022-02-11 19:29:19 UTC"}, {"From": "z_rhea0607", "Media Type": "IMAGE", "Created": "2022-02-11 19:29:17 UTC"}, {"From": "kosa_ramani20", "Media Type": "IMAGE", "Created": "2022-02-11 15:43:34 UTC"}, {"From": "daliya0015", "Media Type": "IMAGE", "Created": "2022-02-11 13:48:53 UTC"}, {"From": "skhare320", "Media Type": "IMAGE", "Created": "2022-02-11 12:34:46 UTC"}, {"From": "cd7cyril", "Media Type": "IMAGE", "Created": "2022-02-11 09:12:53 UTC"}, {"From": "gtanu97", "Media Type": "IMAGE", "Created": "2022-02-11 08:37:11 UTC"}, {"From": "saivishal24", "Media Type": "VIDEO", "Created": "2022-02-11 07:41:45 UTC"}, {"From": "wildadita08", "Media Type": "IMAGE", "Created": "2022-02-11 06:46:09 UTC"}, {"From": "z_rhea0607", "Media Type": "IMAGE", "Created": "2022-02-11 06:16:11 UTC"}, {"From": "celestenetto", "Media Type": "VIDEO", "Created": "2022-02-11 05:45:27 UTC"}, {"From": "celestenetto", "Media Type": "VIDEO", "Created": "2022-02-11 05:45:27 UTC"}, {"From": "saivishal24", "Media Type": "IMAGE", "Created": "2022-02-11 05:45:04 UTC"}, {"From": "celestenetto", "Media Type": "VIDEO", "Created": "2022-02-11 05:35:33 UTC"}, {"From": "celestenetto", "Media Type": "VIDEO", "Created": "2022-02-11 05:35:33 UTC"}, {"From": "celestenetto", "Media Type": "VIDEO", "Created": "2022-02-11 05:35:32 UTC"}, {"From": "rushae96", "Media Type": "IMAGE", "Created": "2022-02-11 00:46:04 UTC"}, {"From": "celestenetto", "Media Type": "IMAGE", "Created": "2022-02-10 22:27:03 UTC"}, {"From": "gtanu97", "Media Type": "IMAGE", "Created": "2022-02-10 20:52:46 UTC"}, {"From": "venus_das", "Media Type": "VIDEO", "Created": "2022-02-10 19:14:34 UTC"}, {"From": "kosa_ramani20", "Media Type": "IMAGE", "Created": "2022-02-10 19:07:21 UTC"}, {"From": "rushae96", "Media Type": "IMAGE", "Created": "2022-02-10 18:31:46 UTC"}, {"From": "abhishek0104", "Media Type": "VIDEO", "Created": "2022-02-10 18:10:22 UTC"}, {"From": "kosa_ramani20", "Media Type": "IMAGE", "Created": "2022-02-10 16:57:45 UTC"}, {"From": "kosa_ramani20", "Media Type": "IMAGE", "Created": "2022-02-10 14:35:59 UTC"}, {"From": "skhare320", "Media Type": "IMAGE", "Created": "2022-02-10 11:51:19 UTC"}, {"From": "wildadita08", "Media Type": "IMAGE", "Created": "2022-02-10 09:40:20 UTC"}, {"From": "cd7cyril", "Media Type": "IMAGE", "Created": "2022-02-10 08:47:22 UTC"}, {"From": "swapnil_awesome", "Media Type": "IMAGE", "Created": "2022-02-10 07:13:28 UTC"}, {"From": "swapnil_awesome", "Media Type": "IMAGE", "Created": "2022-02-10 05:17:39 UTC"}, {"From": "swapnil_awesome", "Media Type": "IMAGE", "Created": "2022-02-10 05:04:03 UTC"}, {"From": "swapnil_awesome", "Media Type": "IMAGE", "Created": "2022-02-10 04:18:57 UTC"}, {"From": "venus_das", "Media Type": "IMAGE", "Created": "2022-02-10 02:16:22 UTC"}, {"From": "jensonaviation", "Media Type": "IMAGE", "Created": "2022-02-10 02:08:23 UTC"}, {"From": "venus_das", "Media Type": "IMAGE", "Created": "2022-02-09 21:55:51 UTC"}, {"From": "kosa_ramani20", "Media Type": "IMAGE", "Created": "2022-02-09 17:26:42 UTC"}, {"From": "jensonaviation", "Media Type": "IMAGE", "Created": "2022-02-09 16:56:39 UTC"}, {"From": "kosa_ramani20", "Media Type": "IMAGE", "Created": "2022-02-09 15:58:34 UTC"}, {"From": "kosa_ramani20", "Media Type": "IMAGE", "Created": "2022-02-09 12:11:48 UTC"}, {"From": "skhare320", "Media Type": "IMAGE", "Created": "2022-02-09 10:47:40 UTC"}, {"From": "wildadita08", "Media Type": "IMAGE", "Created": "2022-02-09 08:22:07 UTC"}, {"From": "swapnil_awesome", "Media Type": "IMAGE", "Created": "2022-02-09 07:37:56 UTC"}, {"From": "jensonaviation", "Media Type": "IMAGE", "Created": "2022-02-09 07:27:25 UTC"}, {"From": "gaganravi7", "Media Type": "IMAGE", "Created": "2022-02-09 07:12:02 UTC"}, {"From": "jensonaviation", "Media Type": "IMAGE", "Created": "2022-02-09 07:05:25 UTC"}, {"From": "cd7cyril", "Media Type": "IMAGE", "Created": "2022-02-09 06:53:57 UTC"}, {"From": "z_rhea0607", "Media Type": "IMAGE", "Created": "2022-02-09 05:39:19 UTC"}, {"From": "swapnil_awesome", "Media Type": "VIDEO", "Created": "2022-02-08 18:25:39 UTC"}, {"From": "kosa_ramani20", "Media Type": "VIDEO", "Created": "2022-02-08 16:50:57 UTC"}, {"From": "kosa_ramani20", "Media Type": "IMAGE", "Created": "2022-02-08 16:12:33 UTC"}, {"From": "kosa_ramani20", "Media Type": "IMAGE", "Created": "2022-02-08 16:05:49 UTC"}, {"From": "kosa_ramani20", "Media Type": "IMAGE", "Created": "2022-02-08 14:29:13 UTC"}, {"From": "kosa_ramani20", "Media Type": "IMAGE", "Created": "2022-02-08 14:28:25 UTC"}, {"From": "swapnil_awesome", "Media Type": "IMAGE", "Created": "2022-02-08 14:21:43 UTC"}, {"From": "kosa_ramani20", "Media Type": "IMAGE", "Created": "2022-02-08 11:26:13 UTC"}, {"From": "skhare320", "Media Type": "IMAGE", "Created": "2022-02-08 10:36:48 UTC"}, {"From": "cd7cyril", "Media Type": "IMAGE", "Created": "2022-02-08 07:36:13 UTC"}, {"From": "wildadita08", "Media Type": "IMAGE", "Created": "2022-02-08 04:46:53 UTC"}, {"From": "gaganravi7", "Media Type": "IMAGE", "Created": "2022-02-07 23:37:12 UTC"}, {"From": "kosa_ramani20", "Media Type": "IMAGE", "Created": "2022-02-07 19:05:44 UTC"}, {"From": "z_rhea0607", "Media Type": "IMAGE", "Created": "2022-02-07 14:43:42 UTC"}, {"From": "saunakdas18", "Media Type": "VIDEO", "Created": "2022-02-07 13:24:36 UTC"}, {"From": "skhare320", "Media Type": "IMAGE", "Created": "2022-02-07 09:05:04 UTC"}, {"From": "lokyreddy45", "Media Type": "IMAGE", "Created": "2022-02-07 06:53:33 UTC"}, {"From": "cd7cyril", "Media Type": "IMAGE", "Created": "2022-02-07 06:27:11 UTC"}, {"From": "kosa_ramani20", "Media Type": "IMAGE", "Created": "2022-02-07 05:28:55 UTC"}, {"From": "wildadita08", "Media Type": "IMAGE", "Created": "2022-02-07 04:47:59 UTC"}, {"From": "vibhu_dubey", "Media Type": "VIDEO", "Created": "2022-02-06 19:36:40 UTC"}, {"From": "vibhu_dubey", "Media Type": "VIDEO", "Created": "2022-02-06 19:36:39 UTC"}, {"From": "vibhu_dubey", "Media Type": "VIDEO", "Created": "2022-02-06 19:36:39 UTC"}, {"From": "vibhu_dubey", "Media Type": "VIDEO", "Created": "2022-02-06 19:36:38 UTC"}, {"From": "vibhu_dubey", "Media Type": "VIDEO", "Created": "2022-02-06 19:36:37 UTC"}, {"From": "kosa_ramani20", "Media Type": "IMAGE", "Created": "2022-02-06 19:12:51 UTC"}, {"From": "lokyreddy45", "Media Type": "VIDEO", "Created": "2022-02-06 18:50:29 UTC"}, {"From": "vibhu_dubey", "Media Type": "VIDEO", "Created": "2022-02-06 18:41:19 UTC"}, {"From": "vibhu_dubey", "Media Type": "VIDEO", "Created": "2022-02-06 18:41:18 UTC"}, {"From": "vibhu_dubey", "Media Type": "VIDEO", "Created": "2022-02-06 16:53:37 UTC"}, {"From": "vibhu_dubey", "Media Type": "VIDEO", "Created": "2022-02-06 16:53:37 UTC"}, {"From": "vibhu_dubey", "Media Type": "VIDEO", "Created": "2022-02-06 16:53:36 UTC"}, {"From": "vibhu_dubey", "Media Type": "VIDEO", "Created": "2022-02-06 16:42:40 UTC"}, {"From": "cd7cyril", "Media Type": "IMAGE", "Created": "2022-02-06 08:45:59 UTC"}, {"From": "vibhu_dubey", "Media Type": "IMAGE", "Created": "2022-02-06 08:26:52 UTC"}, {"From": "skhare320", "Media Type": "IMAGE", "Created": "2022-02-06 08:14:00 UTC"}, {"From": "wildadita08", "Media Type": "IMAGE", "Created": "2022-02-06 06:03:46 UTC"}, {"From": "z_rhea0607", "Media Type": "IMAGE", "Created": "2022-02-06 03:36:50 UTC"}, {"From": "kosa_ramani20", "Media Type": "IMAGE", "Created": "2022-02-06 02:08:04 UTC"}, {"From": "kosa_ramani20", "Media Type": "IMAGE", "Created": "2022-02-05 20:11:51 UTC"}, {"From": "kosa_ramani20", "Media Type": "IMAGE", "Created": "2022-02-05 17:50:34 UTC"}, {"From": "saunakdas18", "Media Type": "IMAGE", "Created": "2022-02-05 15:31:57 UTC"}, {"From": "kosa_ramani20", "Media Type": "IMAGE", "Created": "2022-02-05 15:20:03 UTC"}, {"From": "vibhu_dubey", "Media Type": "VIDEO", "Created": "2022-02-05 12:20:19 UTC"}, {"From": "vibhu_dubey", "Media Type": "VIDEO", "Created": "2022-02-05 12:19:02 UTC"}, {"From": "vibhu_dubey", "Media Type": "VIDEO", "Created": "2022-02-05 11:32:24 UTC"}, {"From": "vibhu_dubey", "Media Type": "VIDEO", "Created": "2022-02-05 11:32:14 UTC"}, {"From": "saunakdas18", "Media Type": "VIDEO", "Created": "2022-02-05 09:34:07 UTC"}, {"From": "saunakdas18", "Media Type": "VIDEO", "Created": "2022-02-05 09:34:02 UTC"}, {"From": "cd7cyril", "Media Type": "IMAGE", "Created": "2022-02-05 08:01:29 UTC"}, {"From": "skhare320", "Media Type": "IMAGE", "Created": "2022-02-05 07:10:36 UTC"}, {"From": "jensonaviation", "Media Type": "IMAGE", "Created": "2022-02-04 21:27:34 UTC"}, {"From": "jensonaviation", "Media Type": "IMAGE", "Created": "2022-02-04 21:23:20 UTC"}, {"From": "kosa_ramani20", "Media Type": "IMAGE", "Created": "2022-02-04 20:13:03 UTC"}, {"From": "vibhu_dubey", "Media Type": "VIDEO", "Created": "2022-02-04 16:25:45 UTC"}, {"From": "vibhu_dubey", "Media Type": "VIDEO", "Created": "2022-02-04 16:25:44 UTC"}, {"From": "vibhu_dubey", "Media Type": "VIDEO", "Created": "2022-02-04 16:25:43 UTC"}, {"From": "wildadita08", "Media Type": "IMAGE", "Created": "2022-02-04 15:29:30 UTC"}, {"From": "kosa_ramani20", "Media Type": "VIDEO", "Created": "2022-02-04 15:21:57 UTC"}, {"From": "kosa_ramani20", "Media Type": "IMAGE", "Created": "2022-02-04 14:26:27 UTC"}, {"From": "jensonaviation", "Media Type": "IMAGE", "Created": "2022-02-04 14:13:29 UTC"}, {"From": "swapnil_awesome", "Media Type": "IMAGE", "Created": "2022-02-04 13:14:00 UTC"}, {"From": "cd7cyril", "Media Type": "IMAGE", "Created": "2022-02-04 08:43:29 UTC"}, {"From": "lokyreddy45", "Media Type": "IMAGE", "Created": "2022-02-04 08:03:33 UTC"}, {"From": "swastmeister", "Media Type": "VIDEO", "Created": "2022-02-04 07:24:57 UTC"}, {"From": "swastmeister", "Media Type": "VIDEO", "Created": "2022-02-04 07:24:55 UTC"}, {"From": "saunakdas18", "Media Type": "VIDEO", "Created": "2022-02-04 05:28:39 UTC"}, {"From": "swapnil_awesome", "Media Type": "VIDEO", "Created": "2022-02-04 05:26:44 UTC"}, {"From": "swapnil_awesome", "Media Type": "IMAGE", "Created": "2022-02-04 05:20:03 UTC"}, {"From": "skhare320", "Media Type": "IMAGE", "Created": "2022-02-04 05:15:54 UTC"}, {"From": "vibhu_dubey", "Media Type": "IMAGE", "Created": "2022-02-04 04:16:15 UTC"}, {"From": "vibhu_dubey", "Media Type": "IMAGE", "Created": "2022-02-03 20:17:45 UTC"}, {"From": "kosa_ramani20", "Media Type": "IMAGE", "Created": "2022-02-03 19:38:33 UTC"}, {"From": "jensonaviation", "Media Type": "IMAGE", "Created": "2022-02-03 19:25:54 UTC"}, {"From": "jensonaviation", "Media Type": "IMAGE", "Created": "2022-02-03 18:13:18 UTC"}, {"From": "kosa_ramani20", "Media Type": "IMAGE", "Created": "2022-02-03 18:01:32 UTC"}, {"From": "z_rhea0607", "Media Type": "IMAGE", "Created": "2022-02-03 16:09:15 UTC"}, {"From": "skhare320", "Media Type": "IMAGE", "Created": "2022-02-03 14:51:50 UTC"}, {"From": "swapnil_awesome", "Media Type": "IMAGE", "Created": "2022-02-03 12:08:16 UTC"}, {"From": "swapnil_awesome", "Media Type": "IMAGE", "Created": "2022-02-03 09:59:55 UTC"}, {"From": "wildadita08", "Media Type": "IMAGE", "Created": "2022-02-03 07:35:53 UTC"}, {"From": "vibhu_dubey", "Media Type": "IMAGE", "Created": "2022-02-03 07:25:47 UTC"}, {"From": "swapnil_awesome", "Media Type": "VIDEO", "Created": "2022-02-03 07:19:47 UTC"}, {"From": "swapnil_awesome", "Media Type": "VIDEO", "Created": "2022-02-03 07:19:24 UTC"}, {"From": "cd7cyril", "Media Type": "IMAGE", "Created": "2022-02-03 07:13:24 UTC"}, {"From": "jensonaviation", "Media Type": "IMAGE", "Created": "2022-02-03 06:28:33 UTC"}, {"From": "lokyreddy45", "Media Type": "VIDEO", "Created": "2022-02-02 19:28:16 UTC"}, {"From": "lokyreddy45", "Media Type": "VIDEO", "Created": "2022-02-02 19:28:15 UTC"}, {"From": "saunakdas18", "Media Type": "IMAGE", "Created": "2022-02-02 19:22:27 UTC"}, {"From": "vibhu_dubey", "Media Type": "IMAGE", "Created": "2022-02-02 19:12:37 UTC"}, {"From": "kosa_ramani20", "Media Type": "IMAGE", "Created": "2022-02-02 19:08:06 UTC"}, {"From": "vibhu_dubey", "Media Type": "IMAGE", "Created": "2022-02-02 17:37:03 UTC"}, {"From": "z_rhea0607", "Media Type": "IMAGE", "Created": "2022-02-02 16:25:09 UTC"}, {"From": "skhare320", "Media Type": "IMAGE", "Created": "2022-02-02 14:51:08 UTC"}, {"From": "vibhu_dubey", "Media Type": "IMAGE", "Created": "2022-02-02 14:17:43 UTC"}, {"From": "swapnil_awesome", "Media Type": "IMAGE", "Created": "2022-02-02 09:13:34 UTC"}, {"From": "wildadita08", "Media Type": "IMAGE", "Created": "2022-02-02 09:07:23 UTC"}, {"From": "cd7cyril", "Media Type": "IMAGE", "Created": "2022-02-02 07:31:36 UTC"}, {"From": "vibhu_dubey", "Media Type": "IMAGE", "Created": "2022-02-02 07:07:55 UTC"}, {"From": "z_rhea0607", "Media Type": "IMAGE", "Created": "2022-02-02 06:20:16 UTC"}, {"From": "kosa_ramani20", "Media Type": "IMAGE", "Created": "2022-02-02 05:13:19 UTC"}, {"From": "kosa_ramani20", "Media Type": "IMAGE", "Created": "2022-02-01 18:45:11 UTC"}, {"From": "wildadita08", "Media Type": "IMAGE", "Created": "2022-02-01 15:34:28 UTC"}, {"From": "skhare320", "Media Type": "IMAGE", "Created": "2022-02-01 14:40:32 UTC"}, {"From": "swastmeister", "Media Type": "IMAGE", "Created": "2022-02-01 13:53:10 UTC"}, {"From": "kosa_ramani20", "Media Type": "VIDEO", "Created": "2022-02-01 13:45:45 UTC"}, {"From": "jensonaviation", "Media Type": "IMAGE", "Created": "2022-02-01 13:31:27 UTC"}, {"From": "swapnil_awesome", "Media Type": "IMAGE", "Created": "2022-02-01 13:23:21 UTC"}, {"From": "vibhu_dubey", "Media Type": "IMAGE", "Created": "2022-02-01 10:48:35 UTC"}, {"From": "z_rhea0607", "Media Type": "IMAGE", "Created": "2022-02-01 06:40:50 UTC"}, {"From": "jensonaviation", "Media Type": "IMAGE", "Created": "2022-02-01 06:08:20 UTC"}, {"From": "cd7cyril", "Media Type": "IMAGE", "Created": "2022-02-01 05:44:45 UTC"}, {"From": "swastmeister", "Media Type": "IMAGE", "Created": "2022-02-01 03:15:16 UTC"}, {"From": "gaganravi7", "Media Type": "IMAGE", "Created": "2022-01-31 22:53:08 UTC"}, {"From": "wildadita08", "Media Type": "IMAGE", "Created": "2022-01-31 19:04:56 UTC"}, {"From": "kosa_ramani20", "Media Type": "IMAGE", "Created": "2022-01-31 18:47:41 UTC"}, {"From": "jensonaviation", "Media Type": "IMAGE", "Created": "2022-01-31 15:49:05 UTC"}, {"From": "skhare320", "Media Type": "IMAGE", "Created": "2022-01-31 12:24:26 UTC"}, {"From": "cd7cyril", "Media Type": "IMAGE", "Created": "2022-01-31 09:54:33 UTC"}, {"From": "kosa_ramani20", "Media Type": "IMAGE", "Created": "2022-01-31 07:10:46 UTC"}, {"From": "swapnil_awesome", "Media Type": "IMAGE", "Created": "2022-01-31 05:34:53 UTC"}, {"From": "swapnil_awesome", "Media Type": "IMAGE", "Created": "2022-01-31 05:34:33 UTC"}, {"From": "swapnil_awesome", "Media Type": "IMAGE", "Created": "2022-01-31 05:30:12 UTC"}, {"From": "swapnil_awesome", "Media Type": "IMAGE", "Created": "2022-01-31 04:34:01 UTC"}, {"From": "wildadita08", "Media Type": "IMAGE", "Created": "2022-01-31 04:20:07 UTC"}, {"From": "swapnil_awesome", "Media Type": "IMAGE", "Created": "2022-01-31 04:12:34 UTC"}, {"From": "kosa_ramani20", "Media Type": "IMAGE", "Created": "2022-01-30 18:53:15 UTC"}, {"From": "z_rhea0607", "Media Type": "IMAGE", "Created": "2022-01-30 15:51:31 UTC"}, {"From": "swapnil_awesome", "Media Type": "IMAGE", "Created": "2022-01-30 14:54:24 UTC"}, {"From": "skhare320", "Media Type": "IMAGE", "Created": "2022-01-30 14:34:16 UTC"}, {"From": "kosa_ramani20", "Media Type": "IMAGE", "Created": "2022-01-30 13:37:15 UTC"}, {"From": "kosa_ramani20", "Media Type": "IMAGE", "Created": "2022-01-30 12:50:32 UTC"}, {"From": "swapnil_awesome", "Media Type": "VIDEO", "Created": "2022-01-30 11:35:09 UTC"}, {"From": "swapnil_awesome", "Media Type": "IMAGE", "Created": "2022-01-30 10:57:33 UTC"}, {"From": "swapnil_awesome", "Media Type": "IMAGE", "Created": "2022-01-30 10:15:03 UTC"}, {"From": "swapnil_awesome", "Media Type": "VIDEO", "Created": "2022-01-30 07:29:24 UTC"}, {"From": "swapnil_awesome", "Media Type": "VIDEO", "Created": "2022-01-30 07:29:17 UTC"}, {"From": "lokyreddy45", "Media Type": "IMAGE", "Created": "2022-01-30 07:28:23 UTC"}, {"From": "swapnil_awesome", "Media Type": "IMAGE", "Created": "2022-01-30 07:08:11 UTC"}, {"From": "swapnil_awesome", "Media Type": "VIDEO", "Created": "2022-01-30 06:48:15 UTC"}, {"From": "swapnil_awesome", "Media Type": "VIDEO", "Created": "2022-01-30 06:48:13 UTC"}, {"From": "swapnil_awesome", "Media Type": "VIDEO", "Created": "2022-01-30 06:35:54 UTC"}, {"From": "swapnil_awesome", "Media Type": "IMAGE", "Created": "2022-01-30 06:06:51 UTC"}, {"From": "swapnil_awesome", "Media Type": "VIDEO", "Created": "2022-01-30 06:05:42 UTC"}, {"From": "swapnil_awesome", "Media Type": "VIDEO", "Created": "2022-01-30 06:05:38 UTC"}, {"From": "wildadita08", "Media Type": "IMAGE", "Created": "2022-01-29 21:48:50 UTC"}, {"From": "kosa_ramani20", "Media Type": "IMAGE", "Created": "2022-01-29 19:49:18 UTC"}, {"From": "vibhu_dubey", "Media Type": "VIDEO", "Created": "2022-01-29 17:43:04 UTC"}, {"From": "jensonaviation", "Media Type": "IMAGE", "Created": "2022-01-29 16:17:49 UTC"}, {"From": "jensonaviation", "Media Type": "IMAGE", "Created": "2022-01-29 15:26:35 UTC"}, {"From": "skhare320", "Media Type": "IMAGE", "Created": "2022-01-29 15:06:37 UTC"}, {"From": "swapnil_awesome", "Media Type": "IMAGE", "Created": "2022-01-29 12:36:42 UTC"}, {"From": "z_rhea0607", "Media Type": "VIDEO", "Created": "2022-01-29 10:21:50 UTC"}, {"From": "cd7cyril", "Media Type": "IMAGE", "Created": "2022-01-29 09:31:46 UTC"}, {"From": "swapnil_awesome", "Media Type": "IMAGE", "Created": "2022-01-29 09:27:17 UTC"}, {"From": "z_rhea0607", "Media Type": "IMAGE", "Created": "2022-01-29 09:09:43 UTC"}, {"From": "wildadita08", "Media Type": "IMAGE", "Created": "2022-01-29 07:50:14 UTC"}, {"From": "swapnil_awesome", "Media Type": "VIDEO", "Created": "2022-01-29 06:55:32 UTC"}, {"From": "swapnil_awesome", "Media Type": "IMAGE", "Created": "2022-01-29 06:29:25 UTC"}, {"From": "jensonaviation", "Media Type": "IMAGE", "Created": "2022-01-29 05:52:46 UTC"}, {"From": "wildadita08", "Media Type": "IMAGE", "Created": "2022-01-29 04:45:02 UTC"}, {"From": "vibhu_dubey", "Media Type": "IMAGE", "Created": "2022-01-29 03:50:39 UTC"}, {"From": "kosa_ramani20", "Media Type": "IMAGE", "Created": "2022-01-28 19:11:31 UTC"}, {"From": "skhare320", "Media Type": "IMAGE", "Created": "2022-01-28 14:43:39 UTC"}, {"From": "kosa_ramani20", "Media Type": "IMAGE", "Created": "2022-01-28 13:32:00 UTC"}, {"From": "kosa_ramani20", "Media Type": "IMAGE", "Created": "2022-01-28 12:35:33 UTC"}, {"From": "swapnil_awesome", "Media Type": "IMAGE", "Created": "2022-01-28 12:30:36 UTC"}, {"From": "swapnil_awesome", "Media Type": "IMAGE", "Created": "2022-01-28 12:13:53 UTC"}, {"From": "jensonaviation", "Media Type": "IMAGE", "Created": "2022-01-28 11:28:52 UTC"}, {"From": "kosa_ramani20", "Media Type": "IMAGE", "Created": "2022-01-28 11:22:08 UTC"}, {"From": "vibhu_dubey", "Media Type": "IMAGE", "Created": "2022-01-28 09:40:40 UTC"}, {"From": "wildadita08", "Media Type": "IMAGE", "Created": "2022-01-28 09:31:00 UTC"}, {"From": "cd7cyril", "Media Type": "IMAGE", "Created": "2022-01-28 08:22:38 UTC"}, {"From": "swapnil_awesome", "Media Type": "VIDEO", "Created": "2022-01-28 04:23:14 UTC"}, {"From": "swapnil_awesome", "Media Type": "IMAGE", "Created": "2022-01-28 03:55:56 UTC"}, {"From": "swapnil_awesome", "Media Type": "IMAGE", "Created": "2022-01-28 03:13:20 UTC"}, {"From": "swapnil_awesome", "Media Type": "IMAGE", "Created": "2022-01-28 02:39:16 UTC"}, {"From": "swapnil_awesome", "Media Type": "IMAGE", "Created": "2022-01-28 00:25:53 UTC"}, {"From": "bulletproof002", "Media Type": "IMAGE", "Created": "2022-01-27 19:41:04 UTC"}, {"From": "kosa_ramani20", "Media Type": "IMAGE", "Created": "2022-01-27 19:01:07 UTC"}, {"From": "z_rhea0607", "Media Type": "VIDEO", "Created": "2022-01-27 17:57:17 UTC"}, {"From": "jensonaviation", "Media Type": "IMAGE", "Created": "2022-01-27 15:38:47 UTC"}, {"From": "skhare320", "Media Type": "IMAGE", "Created": "2022-01-27 14:34:11 UTC"}, {"From": "skhare320", "Media Type": "IMAGE", "Created": "2022-01-27 11:35:25 UTC"}, {"From": "swapnil_awesome", "Media Type": "IMAGE", "Created": "2022-01-27 10:42:05 UTC"}, {"From": "swapnil_awesome", "Media Type": "IMAGE", "Created": "2022-01-27 06:34:22 UTC"}, {"From": "cd7cyril", "Media Type": "IMAGE", "Created": "2022-01-27 06:14:27 UTC"}, {"From": "wildadita08", "Media Type": "IMAGE", "Created": "2022-01-27 04:26:22 UTC"}, {"From": "kosa_ramani20", "Media Type": "IMAGE", "Created": "2022-01-26 19:16:36 UTC"}, {"From": "z_rhea0607", "Media Type": "IMAGE", "Created": "2022-01-26 17:48:51 UTC"}, {"From": "cd7cyril", "Media Type": "IMAGE", "Created": "2022-01-26 15:15:23 UTC"}, {"From": "jensonaviation", "Media Type": "IMAGE", "Created": "2022-01-26 13:12:24 UTC"}, {"From": "vibhu_dubey", "Media Type": "VIDEO", "Created": "2022-01-26 10:11:10 UTC"}, {"From": "vibhu_dubey", "Media Type": "VIDEO", "Created": "2022-01-26 10:11:09 UTC"}, {"From": "vibhu_dubey", "Media Type": "VIDEO", "Created": "2022-01-26 10:11:08 UTC"}, {"From": "skhare320", "Media Type": "IMAGE", "Created": "2022-01-26 10:10:34 UTC"}, {"From": "wildadita08", "Media Type": "IMAGE", "Created": "2022-01-26 09:00:28 UTC"}, {"From": "jensonaviation", "Media Type": "VIDEO", "Created": "2022-01-26 08:01:32 UTC"}, {"From": "kosa_ramani20", "Media Type": "IMAGE", "Created": "2022-01-25 20:17:00 UTC"}, {"From": "z_rhea0607", "Media Type": "IMAGE", "Created": "2022-01-25 19:28:53 UTC"}, {"From": "jensonaviation", "Media Type": "VIDEO", "Created": "2022-01-25 17:29:39 UTC"}, {"From": "skhare320", "Media Type": "IMAGE", "Created": "2022-01-25 14:07:01 UTC"}, {"From": "kosa_ramani20", "Media Type": "IMAGE", "Created": "2022-01-25 12:10:42 UTC"}, {"From": "wildadita08", "Media Type": "IMAGE", "Created": "2022-01-25 09:33:08 UTC"}, {"From": "cd7cyril", "Media Type": "IMAGE", "Created": "2022-01-25 09:31:06 UTC"}, {"From": "vibhu_dubey", "Media Type": "VIDEO", "Created": "2022-01-25 05:44:49 UTC"}, {"From": "vibhu_dubey", "Media Type": "VIDEO", "Created": "2022-01-25 05:44:41 UTC"}, {"From": "vibhu_dubey", "Media Type": "VIDEO", "Created": "2022-01-25 05:44:20 UTC"}, {"From": "kosa_ramani20", "Media Type": "IMAGE", "Created": "2022-01-25 05:09:06 UTC"}, {"From": "vibhu_dubey", "Media Type": "VIDEO", "Created": "2022-01-24 19:11:53 UTC"}, {"From": "abhishek0104", "Media Type": "VIDEO", "Created": "2022-01-24 19:05:40 UTC"}, {"From": "jensonaviation", "Media Type": "IMAGE", "Created": "2022-01-24 18:42:43 UTC"}, {"From": "jensonaviation", "Media Type": "IMAGE", "Created": "2022-01-24 17:41:07 UTC"}, {"From": "skhare320", "Media Type": "IMAGE", "Created": "2022-01-24 14:17:15 UTC"}, {"From": "wildadita08", "Media Type": "IMAGE", "Created": "2022-01-24 11:27:11 UTC"}, {"From": "cd7cyril", "Media Type": "IMAGE", "Created": "2022-01-24 10:02:45 UTC"}, {"From": "jensonaviation", "Media Type": "IMAGE", "Created": "2022-01-24 09:40:53 UTC"}, {"From": "z_rhea0607", "Media Type": "IMAGE", "Created": "2022-01-24 01:47:15 UTC"}, {"From": "kosa_ramani20", "Media Type": "IMAGE", "Created": "2022-01-23 20:02:35 UTC"}, {"From": "vibhu_dubey", "Media Type": "IMAGE", "Created": "2022-01-23 18:08:25 UTC"}, {"From": "jensonaviation", "Media Type": "IMAGE", "Created": "2022-01-23 17:27:20 UTC"}, {"From": "kosa_ramani20", "Media Type": "IMAGE", "Created": "2022-01-23 16:09:06 UTC"}, {"From": "swapnil_awesome", "Media Type": "IMAGE", "Created": "2022-01-23 15:37:22 UTC"}, {"From": "swapnil_awesome", "Media Type": "VIDEO", "Created": "2022-01-23 15:05:07 UTC"}, {"From": "swapnil_awesome", "Media Type": "VIDEO", "Created": "2022-01-23 15:05:05 UTC"}, {"From": "jensonaviation", "Media Type": "IMAGE", "Created": "2022-01-23 14:30:15 UTC"}, {"From": "swapnil_awesome", "Media Type": "VIDEO", "Created": "2022-01-23 14:15:15 UTC"}, {"From": "swapnil_awesome", "Media Type": "VIDEO", "Created": "2022-01-23 14:15:13 UTC"}, {"From": "swapnil_awesome", "Media Type": "VIDEO", "Created": "2022-01-23 14:15:05 UTC"}, {"From": "swapnil_awesome", "Media Type": "VIDEO", "Created": "2022-01-23 14:14:56 UTC"}, {"From": "swapnil_awesome", "Media Type": "VIDEO", "Created": "2022-01-23 14:10:30 UTC"}, {"From": "swapnil_awesome", "Media Type": "VIDEO", "Created": "2022-01-23 14:10:28 UTC"}, {"From": "swapnil_awesome", "Media Type": "VIDEO", "Created": "2022-01-23 14:10:24 UTC"}, {"From": "skhare320", "Media Type": "VIDEO", "Created": "2022-01-23 13:38:01 UTC"}, {"From": "swapnil_awesome", "Media Type": "IMAGE", "Created": "2022-01-23 12:40:02 UTC"}, {"From": "swapnil_awesome", "Media Type": "IMAGE", "Created": "2022-01-23 11:15:02 UTC"}, {"From": "swapnil_awesome", "Media Type": "IMAGE", "Created": "2022-01-23 11:14:04 UTC"}, {"From": "swapnil_awesome", "Media Type": "IMAGE", "Created": "2022-01-23 10:45:54 UTC"}, {"From": "swapnil_awesome", "Media Type": "IMAGE", "Created": "2022-01-23 10:42:56 UTC"}, {"From": "swapnil_awesome", "Media Type": "IMAGE", "Created": "2022-01-23 10:17:29 UTC"}, {"From": "z_rhea0607", "Media Type": "VIDEO", "Created": "2022-01-23 09:49:59 UTC"}, {"From": "cd7cyril", "Media Type": "IMAGE", "Created": "2022-01-23 09:43:03 UTC"}, {"From": "swapnil_awesome", "Media Type": "IMAGE", "Created": "2022-01-23 09:09:31 UTC"}, {"From": "jensonaviation", "Media Type": "IMAGE", "Created": "2022-01-23 07:03:07 UTC"}, {"From": "wildadita08", "Media Type": "IMAGE", "Created": "2022-01-23 06:32:51 UTC"}, {"From": "lokyreddy45", "Media Type": "IMAGE", "Created": "2022-01-23 06:22:24 UTC"}, {"From": "kosa_ramani20", "Media Type": "IMAGE", "Created": "2022-01-22 20:00:24 UTC"}, {"From": "swapnil_awesome", "Media Type": "VIDEO", "Created": "2022-01-22 16:25:28 UTC"}, {"From": "swapnil_awesome", "Media Type": "VIDEO", "Created": "2022-01-22 16:25:26 UTC"}, {"From": "vibhu_dubey", "Media Type": "IMAGE", "Created": "2022-01-22 16:18:13 UTC"}, {"From": "vibhu_dubey", "Media Type": "IMAGE", "Created": "2022-01-22 16:12:33 UTC"}, {"From": "swapnil_awesome", "Media Type": "IMAGE", "Created": "2022-01-22 16:11:15 UTC"}, {"From": "vibhu_dubey", "Media Type": "IMAGE", "Created": "2022-01-22 16:07:45 UTC"}, {"From": "skhare320", "Media Type": "IMAGE", "Created": "2022-01-22 13:29:47 UTC"}, {"From": "vibhu_dubey", "Media Type": "VIDEO", "Created": "2022-01-22 12:32:49 UTC"}, {"From": "kosa_ramani20", "Media Type": "IMAGE", "Created": "2022-01-22 11:52:23 UTC"}, {"From": "swapnil_awesome", "Media Type": "IMAGE", "Created": "2022-01-22 11:02:56 UTC"}, {"From": "swapnil_awesome", "Media Type": "IMAGE", "Created": "2022-01-22 08:49:34 UTC"}, {"From": "jensonaviation", "Media Type": "IMAGE", "Created": "2022-01-22 07:32:54 UTC"}, {"From": "cd7cyril", "Media Type": "IMAGE", "Created": "2022-01-22 07:12:31 UTC"}, {"From": "jensonaviation", "Media Type": "IMAGE", "Created": "2022-01-22 07:02:01 UTC"}, {"From": "wildadita08", "Media Type": "IMAGE", "Created": "2022-01-22 05:56:10 UTC"}, {"From": "vibhu_dubey", "Media Type": "VIDEO", "Created": "2022-01-22 05:39:05 UTC"}, {"From": "swapnil_awesome", "Media Type": "IMAGE", "Created": "2022-01-21 23:18:59 UTC"}, {"From": "jensonaviation", "Media Type": "IMAGE", "Created": "2022-01-21 21:41:36 UTC"}, {"From": "kosa_ramani20", "Media Type": "IMAGE", "Created": "2022-01-21 19:18:52 UTC"}, {"From": "z_rhea0607", "Media Type": "IMAGE", "Created": "2022-01-21 18:59:12 UTC"}, {"From": "skhare320", "Media Type": "IMAGE", "Created": "2022-01-21 14:10:23 UTC"}, {"From": "swapnil_awesome", "Media Type": "VIDEO", "Created": "2022-01-21 13:39:29 UTC"}, {"From": "swapnil_awesome", "Media Type": "VIDEO", "Created": "2022-01-21 13:39:26 UTC"}, {"From": "kosa_ramani20", "Media Type": "IMAGE", "Created": "2022-01-21 13:19:35 UTC"}, {"From": "swapnil_awesome", "Media Type": "IMAGE", "Created": "2022-01-21 13:16:44 UTC"}, {"From": "vibhu_dubey", "Media Type": "IMAGE", "Created": "2022-01-21 12:44:12 UTC"}, {"From": "kosa_ramani20", "Media Type": "IMAGE", "Created": "2022-01-21 10:36:29 UTC"}, {"From": "cd7cyril", "Media Type": "IMAGE", "Created": "2022-01-21 08:04:20 UTC"}, {"From": "jensonaviation", "Media Type": "IMAGE", "Created": "2022-01-21 05:55:00 UTC"}, {"From": "wildadita08", "Media Type": "IMAGE", "Created": "2022-01-21 04:40:22 UTC"}, {"From": "kosa_ramani20", "Media Type": "IMAGE", "Created": "2022-01-20 17:14:27 UTC"}, {"From": "z_rhea0607", "Media Type": "IMAGE", "Created": "2022-01-20 16:37:52 UTC"}, {"From": "skhare320", "Media Type": "IMAGE", "Created": "2022-01-20 14:35:48 UTC"}, {"From": "vibhu_dubey", "Media Type": "IMAGE", "Created": "2022-01-20 11:35:31 UTC"}, {"From": "vibhu_dubey", "Media Type": "VIDEO", "Created": "2022-01-20 11:34:40 UTC"}, {"From": "vibhu_dubey", "Media Type": "VIDEO", "Created": "2022-01-20 11:34:35 UTC"}, {"From": "vibhu_dubey", "Media Type": "VIDEO", "Created": "2022-01-20 11:34:29 UTC"}, {"From": "vibhu_dubey", "Media Type": "VIDEO", "Created": "2022-01-20 11:34:21 UTC"}, {"From": "vibhu_dubey", "Media Type": "VIDEO", "Created": "2022-01-20 11:05:24 UTC"}, {"From": "vibhu_dubey", "Media Type": "VIDEO", "Created": "2022-01-20 11:05:23 UTC"}, {"From": "vibhu_dubey", "Media Type": "VIDEO", "Created": "2022-01-20 11:05:23 UTC"}, {"From": "vibhu_dubey", "Media Type": "VIDEO", "Created": "2022-01-20 11:05:22 UTC"}, {"From": "vibhu_dubey", "Media Type": "VIDEO", "Created": "2022-01-20 11:05:21 UTC"}, {"From": "vibhu_dubey", "Media Type": "VIDEO", "Created": "2022-01-20 11:05:20 UTC"}, {"From": "cd7cyril", "Media Type": "IMAGE", "Created": "2022-01-20 07:48:29 UTC"}, {"From": "vibhu_dubey", "Media Type": "VIDEO", "Created": "2022-01-20 06:18:09 UTC"}, {"From": "vibhu_dubey", "Media Type": "VIDEO", "Created": "2022-01-20 05:31:06 UTC"}, {"From": "wildadita08", "Media Type": "IMAGE", "Created": "2022-01-20 05:08:49 UTC"}, {"From": "kosa_ramani20", "Media Type": "IMAGE", "Created": "2022-01-19 19:36:12 UTC"}, {"From": "z_rhea0607", "Media Type": "VIDEO", "Created": "2022-01-19 16:33:06 UTC"}, {"From": "skhare320", "Media Type": "IMAGE", "Created": "2022-01-19 14:04:00 UTC"}, {"From": "wildadita08", "Media Type": "IMAGE", "Created": "2022-01-19 12:50:56 UTC"}, {"From": "vibhu_dubey", "Media Type": "VIDEO", "Created": "2022-01-19 10:17:21 UTC"}, {"From": "vibhu_dubey", "Media Type": "IMAGE", "Created": "2022-01-19 10:17:20 UTC"}, {"From": "vibhu_dubey", "Media Type": "IMAGE", "Created": "2022-01-19 10:17:16 UTC"}, {"From": "cd7cyril", "Media Type": "IMAGE", "Created": "2022-01-19 09:54:22 UTC"}, {"From": "swapnil_awesome", "Media Type": "IMAGE", "Created": "2022-01-19 06:17:39 UTC"}, {"From": "sallu_1201", "Media Type": "IMAGE", "Created": "2022-01-18 21:06:25 UTC"}, {"From": "kosa_ramani20", "Media Type": "IMAGE", "Created": "2022-01-18 19:48:59 UTC"}, {"From": "z_rhea0607", "Media Type": "IMAGE", "Created": "2022-01-18 15:27:41 UTC"}, {"From": "skhare320", "Media Type": "IMAGE", "Created": "2022-01-18 13:42:41 UTC"}, {"From": "cd7cyril", "Media Type": "IMAGE", "Created": "2022-01-18 09:03:25 UTC"}, {"From": "wildadita08", "Media Type": "IMAGE", "Created": "2022-01-18 06:39:51 UTC"}, {"From": "jensonaviation", "Media Type": "IMAGE", "Created": "2022-01-18 03:57:17 UTC"}, {"From": "sallu_1201", "Media Type": "VIDEO", "Created": "2022-01-18 02:45:45 UTC"}, {"From": "skhare320", "Media Type": "IMAGE", "Created": "2022-01-18 01:21:05 UTC"}, {"From": "kosa_ramani20", "Media Type": "IMAGE", "Created": "2022-01-17 19:53:07 UTC"}, {"From": "jensonaviation", "Media Type": "IMAGE", "Created": "2022-01-17 18:44:31 UTC"}, {"From": "skhare320", "Media Type": "IMAGE", "Created": "2022-01-17 14:37:55 UTC"}, {"From": "z_rhea0607", "Media Type": "IMAGE", "Created": "2022-01-17 13:25:44 UTC"}, {"From": "z_rhea0607", "Media Type": "IMAGE", "Created": "2022-01-17 09:22:12 UTC"}, {"From": "cd7cyril", "Media Type": "IMAGE", "Created": "2022-01-17 08:13:24 UTC"}, {"From": "sallu_1201", "Media Type": "IMAGE", "Created": "2022-01-17 08:00:01 UTC"}, {"From": "wildadita08", "Media Type": "IMAGE", "Created": "2022-01-17 07:14:31 UTC"}, {"From": "gaganravi7", "Media Type": "IMAGE", "Created": "2022-01-16 23:05:51 UTC"}, {"From": "kosa_ramani20", "Media Type": "IMAGE", "Created": "2022-01-16 19:13:02 UTC"}, {"From": "jensonaviation", "Media Type": "VIDEO", "Created": "2022-01-16 15:35:00 UTC"}, {"From": "skhare320", "Media Type": "IMAGE", "Created": "2022-01-16 14:24:05 UTC"}, {"From": "kosa_ramani20", "Media Type": "VIDEO", "Created": "2022-01-16 11:35:29 UTC"}, {"From": "kosa_ramani20", "Media Type": "IMAGE", "Created": "2022-01-16 11:13:05 UTC"}, {"From": "jensonaviation", "Media Type": "IMAGE", "Created": "2022-01-16 10:22:32 UTC"}, {"From": "swapnil_awesome", "Media Type": "IMAGE", "Created": "2022-01-16 09:35:38 UTC"}, {"From": "cd7cyril", "Media Type": "IMAGE", "Created": "2022-01-16 07:59:00 UTC"}, {"From": "wildadita08", "Media Type": "IMAGE", "Created": "2022-01-16 05:14:28 UTC"}, {"From": "bulletproof002", "Media Type": "IMAGE", "Created": "2022-01-15 21:46:03 UTC"}, {"From": "kosa_ramani20", "Media Type": "IMAGE", "Created": "2022-01-15 19:48:46 UTC"}, {"From": "kosa_ramani20", "Media Type": "IMAGE", "Created": "2022-01-15 18:42:42 UTC"}, {"From": "z_rhea0607", "Media Type": "IMAGE", "Created": "2022-01-15 15:21:21 UTC"}, {"From": "vibhu_dubey", "Media Type": "IMAGE", "Created": "2022-01-15 13:49:20 UTC"}, {"From": "skhare320", "Media Type": "IMAGE", "Created": "2022-01-15 13:37:30 UTC"}, {"From": "jensonaviation", "Media Type": "IMAGE", "Created": "2022-01-15 10:15:04 UTC"}, {"From": "mdhruv245", "Media Type": "IMAGE", "Created": "2022-01-15 09:33:30 UTC"}, {"From": "cd7cyril", "Media Type": "IMAGE", "Created": "2022-01-15 09:07:31 UTC"}, {"From": "wildadita08", "Media Type": "IMAGE", "Created": "2022-01-15 07:34:06 UTC"}, {"From": "jensonaviation", "Media Type": "IMAGE", "Created": "2022-01-14 18:17:48 UTC"}, {"From": "skhare320", "Media Type": "IMAGE", "Created": "2022-01-14 14:21:57 UTC"}, {"From": "kosa_ramani20", "Media Type": "IMAGE", "Created": "2022-01-14 14:15:18 UTC"}, {"From": "vibhu_dubey", "Media Type": "VIDEO", "Created": "2022-01-14 13:26:13 UTC"}, {"From": "vibhu_dubey", "Media Type": "VIDEO", "Created": "2022-01-14 13:26:12 UTC"}, {"From": "vibhu_dubey", "Media Type": "VIDEO", "Created": "2022-01-14 13:26:11 UTC"}, {"From": "kosa_ramani20", "Media Type": "IMAGE", "Created": "2022-01-14 11:59:39 UTC"}, {"From": "kosa_ramani20", "Media Type": "IMAGE", "Created": "2022-01-14 11:54:18 UTC"}, {"From": "kosa_ramani20", "Media Type": "IMAGE", "Created": "2022-01-14 11:20:36 UTC"}, {"From": "kosa_ramani20", "Media Type": "IMAGE", "Created": "2022-01-14 09:18:12 UTC"}, {"From": "cd7cyril", "Media Type": "IMAGE", "Created": "2022-01-14 08:45:59 UTC"}, {"From": "z_rhea0607", "Media Type": "IMAGE", "Created": "2022-01-14 07:44:55 UTC"}, {"From": "wildadita08", "Media Type": "IMAGE", "Created": "2022-01-14 05:43:08 UTC"}, {"From": "kosa_ramani20", "Media Type": "IMAGE", "Created": "2022-01-13 20:44:58 UTC"}, {"From": "sallu_1201", "Media Type": "VIDEO", "Created": "2022-01-13 17:25:47 UTC"}, {"From": "vibhu_dubey", "Media Type": "VIDEO", "Created": "2022-01-13 15:53:25 UTC"}, {"From": "vibhu_dubey", "Media Type": "VIDEO", "Created": "2022-01-13 15:53:24 UTC"}, {"From": "vibhu_dubey", "Media Type": "VIDEO", "Created": "2022-01-13 15:53:24 UTC"}, {"From": "vibhu_dubey", "Media Type": "VIDEO", "Created": "2022-01-13 15:49:59 UTC"}, {"From": "vibhu_dubey", "Media Type": "VIDEO", "Created": "2022-01-13 15:49:59 UTC"}, {"From": "vibhu_dubey", "Media Type": "VIDEO", "Created": "2022-01-13 15:49:58 UTC"}, {"From": "wildadita08", "Media Type": "IMAGE", "Created": "2022-01-13 15:25:44 UTC"}, {"From": "skhare320", "Media Type": "IMAGE", "Created": "2022-01-13 13:33:46 UTC"}, {"From": "jensonaviation", "Media Type": "IMAGE", "Created": "2022-01-13 13:08:29 UTC"}, {"From": "vibhu_dubey", "Media Type": "VIDEO", "Created": "2022-01-13 11:17:27 UTC"}, {"From": "vibhu_dubey", "Media Type": "VIDEO", "Created": "2022-01-13 11:17:27 UTC"}, {"From": "vibhu_dubey", "Media Type": "VIDEO", "Created": "2022-01-13 11:17:26 UTC"}, {"From": "venus_das", "Media Type": "IMAGE", "Created": "2021-12-30 03:09:13 UTC"}], "Sent Snap History": [{"To": "ab14598", "Media Type": "VIDEO", "Created": "2022-02-09 06:11:28 UTC"}, {"To": "venus_das", "Media Type": "VIDEO", "Created": "2022-02-09 06:11:28 UTC"}, {"To": "lokyreddy45", "Media Type": "VIDEO", "Created": "2022-02-09 06:11:28 UTC"}, {"To": "swapnil_awesome", "Media Type": "IMAGE", "Created": "2022-02-08 23:52:38 UTC"}, {"To": "lokyreddy45", "Media Type": "IMAGE", "Created": "2022-02-08 23:52:38 UTC"}, {"To": "bulletproof002", "Media Type": "IMAGE", "Created": "2022-01-27 21:03:49 UTC"}, {"To": "swapnil_awesome", "Media Type": "IMAGE", "Created": "2022-01-27 02:19:35 UTC"}, {"To": "swapnil_awesome", "Media Type": "VIDEO", "Created": "2022-01-23 04:04:29 UTC"}, {"To": "karthikb1944", "Media Type": "VIDEO", "Created": "2022-01-23 04:04:29 UTC"}, {"To": "lokyreddy45", "Media Type": "VIDEO", "Created": "2022-01-23 04:04:29 UTC"}, {"To": "abhishek0104", "Media Type": "VIDEO", "Created": "2022-01-23 04:04:29 UTC"}, {"To": "jensonaviation", "Media Type": "VIDEO", "Created": "2022-01-23 04:04:29 UTC"}, {"To": "saivishal24", "Media Type": "IMAGE", "Created": "2022-01-22 23:10:12 UTC"}, {"To": "karthikb1944", "Media Type": "VIDEO", "Created": "2022-01-20 21:34:41 UTC"}, {"To": "lokyreddy45", "Media Type": "VIDEO", "Created": "2022-01-20 21:34:41 UTC"}, {"To": "jensonaviation", "Media Type": "VIDEO", "Created": "2022-01-20 21:34:41 UTC"}, {"To": "swapnil_awesome", "Media Type": "VIDEO", "Created": "2022-01-20 17:29:56 UTC"}, {"To": "karthikb1944", "Media Type": "VIDEO", "Created": "2022-01-20 17:29:56 UTC"}, {"To": "lokyreddy45", "Media Type": "VIDEO", "Created": "2022-01-20 17:29:56 UTC"}, {"To": "jensonaviation", "Media Type": "IMAGE", "Created": "2022-01-20 06:01:49 UTC"}, {"To": "karthikb1944", "Media Type": "IMAGE", "Created": "2022-01-19 17:31:52 UTC"}, {"To": "lokyreddy45", "Media Type": "IMAGE", "Created": "2022-01-19 17:31:52 UTC"}, {"To": "karthikb1944", "Media Type": "VIDEO", "Created": "2022-01-16 19:01:39 UTC"}, {"To": "lokyreddy45", "Media Type": "VIDEO", "Created": "2022-01-16 19:01:39 UTC"}, {"To": "bulletproof002", "Media Type": "IMAGE", "Created": "2022-01-16 00:03:00 UTC"}, {"To": "rushae96", "Media Type": "IMAGE", "Created": "2022-01-16 00:03:00 UTC"}, {"To": "jonathanjohnjsj", "Media Type": "IMAGE", "Created": "2022-01-16 00:03:00 UTC"}, {"To": "jensonaviation", "Media Type": "IMAGE", "Created": "2022-01-16 00:03:00 UTC"}, {"To": "jensonaviation", "Media Type": "VIDEO", "Created": "2022-01-15 03:18:13 UTC"}, {"To": "jensonaviation", "Media Type": "IMAGE", "Created": "2022-01-14 18:56:03 UTC"}, {"To": "abhishek0104", "Media Type": "VIDEO", "Created": "2022-01-14 01:57:11 UTC"}, {"To": "jensonaviation", "Media Type": "IMAGE", "Created": "2022-01-11 00:32:07 UTC"}, {"To": "jonathanjohnjsj", "Media Type": "IMAGE", "Created": "2021-12-30 05:14:09 UTC"}, {"To": "rushae96", "Media Type": "IMAGE", "Created": "2021-12-16 02:11:01 UTC"}, {"To": "jonathanjohnjsj", "Media Type": "IMAGE", "Created": "2021-12-14 02:11:21 UTC"}, {"To": "jonathanjohnjsj", "Media Type": "VIDEO", "Created": "2021-10-19 07:28:34 UTC"}, {"To": "jonathanjohnjsj", "Media Type": "VIDEO", "Created": "2021-10-14 19:20:24 UTC"}, {"To": "venus_das", "Media Type": "VIDEO", "Created": "2021-10-12 03:15:50 UTC"}, {"To": "rushae96", "Media Type": "VIDEO", "Created": "2021-10-08 17:49:07 UTC"}, {"To": "smokea_jmann", "Media Type": "IMAGE", "Created": "2021-06-22 07:16:32 UTC"}, {"To": "saivishal24", "Media Type": "IMAGE", "Created": "2021-06-19 23:53:19 UTC"}, {"To": "saivishal24", "Media Type": "IMAGE", "Created": "2021-05-29 00:56:54 UTC"}, {"To": "lokyreddy45", "Media Type": "IMAGE", "Created": "2021-05-22 04:15:39 UTC"}], "App Story History": []}