{"Snapcode Scan History": [{"Date": "2021-11-29 09:09:50 UTC", "Snapcode Type": "Add Friend", "Description": "misslunaluxe"}, {"Date": "2021-11-29 09:09:46 UTC", "Snapcode Type": "Add Friend", "Description": "geminirose0f"}, {"Date": "2021-11-29 09:09:38 UTC", "Snapcode Type": "Add Friend", "Description": "gothangel_kay"}, {"Date": "2021-11-29 09:09:31 UTC", "Snapcode Type": "Add Friend", "Description": "lee_baby666"}, {"Date": "2021-11-29 09:09:07 UTC", "Snapcode Type": "Add Friend", "Description": "icecoldbaby31"}, {"Date": "2021-11-29 09:09:00 UTC", "Snapcode Type": "Add Friend", "Description": "roughlyquartz"}, {"Date": "2021-11-29 09:08:56 UTC", "Snapcode Type": "Add Friend", "Description": "lee_baby666"}, {"Date": "2021-11-29 09:08:50 UTC", "Snapcode Type": "Add Friend", "Description": "lilbbyjoxx"}, {"Date": "2021-11-29 09:08:42 UTC", "Snapcode Type": "Add Friend", "Description": "hoesxmad420"}, {"Date": "2021-11-29 09:08:32 UTC", "Snapcode Type": "Add Friend", "Description": "smithe400"}, {"Date": "2021-11-29 09:00:36 UTC", "Snapcode Type": "Add Friend", "Description": "gzagata1994"}, {"Date": "2021-11-29 09:00:31 UTC", "Snapcode Type": "Add Friend", "Description": "amanda_deemz20"}, {"Date": "2021-11-29 09:00:26 UTC", "Snapcode Type": "Add Friend", "Description": "rosie_sharon21x"}, {"Date": "2021-11-29 09:00:21 UTC", "Snapcode Type": "Add Friend", "Description": "miss_devils69"}, {"Date": "2021-11-29 09:00:16 UTC", "Snapcode Type": "Add Friend", "Description": "dearrprudencee"}, {"Date": "2021-11-29 09:00:05 UTC", "Snapcode Type": "Add Friend", "Description": "gothangel_kay"}, {"Date": "2021-11-29 08:59:54 UTC", "Snapcode Type": "Add Friend", "Description": "geminirose0f"}, {"Date": "2021-11-29 08:59:46 UTC", "Snapcode Type": "Add Friend", "Description": "misslunaluxe"}, {"Date": "2021-09-08 05:34:03 UTC", "Snapcode Type": "Add Friend", "Description": "jenny_will256"}, {"Date": "2021-09-08 05:34:00 UTC", "Snapcode Type": "Add Friend", "Description": "hotjnita12"}, {"Date": "2021-09-08 05:33:56 UTC", "Snapcode Type": "Add Friend", "Description": "beckypecky19"}, {"Date": "2021-09-08 05:33:52 UTC", "Snapcode Type": "Add Friend", "Description": "queen_lyndsy"}, {"Date": "2021-09-08 05:33:49 UTC", "Snapcode Type": "Add Friend", "Description": "charlhal19x"}, {"Date": "2021-09-08 05:33:45 UTC", "Snapcode Type": "Add Friend", "Description": "bxbygirl195"}, {"Date": "2021-09-08 05:33:42 UTC", "Snapcode Type": "Add Friend", "Description": "vgvtkv_wvjcik"}, {"Date": "2021-09-08 05:33:36 UTC", "Snapcode Type": "Add Friend", "Description": "aelamhci"}, {"Date": "2021-09-08 05:33:31 UTC", "Snapcode Type": "Add Friend", "Description": "umm.itsemm"}, {"Date": "2021-09-08 05:33:24 UTC", "Snapcode Type": "Add Friend", "Description": "brittanycharsha"}, {"Date": "2021-09-08 05:32:55 UTC", "Snapcode Type": "Add Friend", "Description": "hanbannana2000"}, {"Date": "2021-09-08 05:32:52 UTC", "Snapcode Type": "Add Friend", "Description": "bluelionesss"}, {"Date": "2021-09-08 05:32:49 UTC", "Snapcode Type": "Add Friend", "Description": "megggpierce"}, {"Date": "2021-09-08 05:32:44 UTC", "Snapcode Type": "Add Friend", "Description": "juju-greene0920"}, {"Date": "2021-09-08 05:32:41 UTC", "Snapcode Type": "Add Friend", "Description": "miacasanova54"}, {"Date": "2021-09-08 05:32:36 UTC", "Snapcode Type": "Add Friend", "Description": "babeegurl1l.uv"}, {"Date": "2021-09-08 05:32:29 UTC", "Snapcode Type": "Add Friend", "Description": "t_louiserob2001"}, {"Date": "2021-09-08 05:32:23 UTC", "Snapcode Type": "Add Friend", "Description": "lupem27"}, {"Date": "2021-09-07 14:14:33 UTC", "Snapcode Type": "Add Friend", "Description": "meanmugginmomma"}, {"Date": "2021-09-07 14:14:28 UTC", "Snapcode Type": "Add Friend", "Description": "t_louiserob2001"}, {"Date": "2021-09-07 14:14:24 UTC", "Snapcode Type": "Add Friend", "Description": "babeegurl1l.uv"}, {"Date": "2021-09-07 14:14:18 UTC", "Snapcode Type": "Add Friend", "Description": "miacasanova54"}, {"Date": "2021-09-07 14:13:45 UTC", "Snapcode Type": "Add Friend", "Description": "megggpierce"}, {"Date": "2021-09-07 14:13:40 UTC", "Snapcode Type": "Add Friend", "Description": "bluelionesss"}, {"Date": "2021-09-07 14:13:30 UTC", "Snapcode Type": "Add Friend", "Description": "winniethepooh-5"}, {"Date": "2021-06-25 19:00:38 UTC", "Snapcode Type": "Lens", "Description": "5 REASONS DATE ME, https://lens.snapchat.com/42722720b32d4868a8da8f0a938b4f3e"}, {"Date": "2021-06-25 18:59:46 UTC", "Snapcode Type": "Lens", "Description": "MY FRIENDS FUTURE, https://lens.snapchat.com/33f1b701193c4445bf141bc93d14bd19"}]}