{"Snap Map Places History": [{"Date": "2022-02-03 17:35:14 UTC", "Place": "International Building", "Place Location": "Kamloops, BC", "Share Type": "Snap Send"}, {"Date": "2022-01-16 00:03:01 UTC", "Place": "Aberdeen Mall", "Place Location": "Kamloops, BC", "Share Type": "Snap Send"}, {"Date": "2022-01-11 17:32:29 UTC", "Place": "Thompson Rivers University", "Place Location": "Kamloops, BC", "Share Type": "Snap Send"}, {"Date": "2022-01-11 04:39:21 UTC", "Place": "Pogue Mahone Irish Alehouse", "Place Location": "Kamloops, British Columbia", "Share Type": "Snap Send"}, {"Date": "2021-12-18 05:59:14 UTC", "Place": "Pogue Mahone Irish Alehouse", "Place Location": "Kamloops, British Columbia", "Share Type": "Snap Send"}, {"Date": "2021-12-03 03:21:17 UTC", "Place": "Aberdeen Mall", "Place Location": "Kamloops, BC", "Share Type": "Snap Send"}, {"Date": "2021-12-02 02:48:55 UTC", "Place": "Aberdeen Mall", "Place Location": "Kamloops, BC", "Share Type": "Snap Send"}, {"Date": "2021-11-23 21:44:48 UTC", "Place": "House of Learning", "Place Location": "Kamloops, BC", "Share Type": "Snap Send"}, {"Date": "2021-11-20 23:49:18 UTC", "Place": "Nicola Eye Care", "Place Location": "Kamloops, BC", "Share Type": "Snap Send"}, {"Date": "2021-11-18 23:05:51 UTC", "Place": "Thompson Rivers University", "Place Location": "Kamloops, BC", "Share Type": "Snap Send"}, {"Date": "2021-11-18 22:23:05 UTC", "Place": "Thompson Rivers University", "Place Location": "Kamloops, BC", "Share Type": "Snap Send"}, {"Date": "2021-11-10 20:28:46 UTC", "Place": "Thompson Rivers University", "Place Location": "Kamloops, BC", "Share Type": "Snap Send"}, {"Date": "2021-11-10 00:07:32 UTC", "Place": "Thompson Rivers University", "Place Location": "Kamloops, BC", "Share Type": "Snap Send"}, {"Date": "2021-10-25 22:04:50 UTC", "Place": "Sexytown", "Place Location": "Kamloops, BC", "Share Type": "Snap Send"}, {"Date": "2021-10-05 20:43:37 UTC", "Place": "Thompson Rivers University", "Place Location": "Kamloops, BC", "Share Type": "Snap Send"}, {"Date": "2021-09-28 20:00:43 UTC", "Place": "Thompson Rivers University", "Place Location": "Kamloops, BC", "Share Type": "Snap Send"}, {"Date": "2021-09-27 03:58:11 UTC", "Place": "Walmart", "Place Location": "Kamloops, BC", "Share Type": "Snap Send"}, {"Date": "2021-09-22 20:21:17 UTC", "Place": "Thompson Rivers University", "Place Location": "Kamloops, BC", "Share Type": "Snap Send"}, {"Date": "2021-09-21 23:38:13 UTC", "Place": "Thompson Rivers University", "Place Location": "Kamloops, BC", "Share Type": "Snap Send"}, {"Date": "2021-09-21 16:16:16 UTC", "Place": "Thompson Rivers University", "Place Location": "Kamloops, BC", "Share Type": "Snap Send"}, {"Date": "2021-09-21 16:13:54 UTC", "Place": "Thompson Rivers University", "Place Location": "Kamloops, BC", "Share Type": "Snap Send"}, {"Date": "2021-09-14 23:56:48 UTC", "Place": "Thompson Rivers University", "Place Location": "Kamloops, BC", "Share Type": "Snap Send"}, {"Date": "2021-09-14 20:40:49 UTC", "Place": "Thompson Rivers University", "Place Location": "Kamloops, BC", "Share Type": "Snap Send"}, {"Date": "2021-09-10 21:06:56 UTC", "Place": "Old Main", "Place Location": "Kamloops, BC", "Share Type": "Snap Send"}, {"Date": "2021-09-08 19:24:39 UTC", "Place": "Thompson Rivers University", "Place Location": "Kamloops, BC", "Share Type": "Snap Send"}, {"Date": "2021-09-08 19:24:08 UTC", "Place": "Thompson Rivers University", "Place Location": "Kamloops, BC", "Share Type": "Snap Send"}, {"Date": "2021-08-31 04:57:19 UTC", "Place": "Browns Socialhouse", "Place Location": "Kamloops, British Columbia", "Share Type": "Snap Send"}, {"Date": "2021-08-25 02:17:03 UTC", "Place": "Kelly O&#39;Bryan&#39;s Neighbourhood Restaurant", "Place Location": "Kamloops, British Columbia", "Share Type": "Snap Send"}, {"Date": "2021-08-25 01:28:57 UTC", "Place": "Royal Inland Hospital", "Place Location": "Kamloops, BC", "Share Type": "Snap Send"}, {"Date": "2021-08-23 04:58:59 UTC", "Place": "Walmart", "Place Location": "Kamloops, BC", "Share Type": "Snap Send"}, {"Date": "2021-08-07 22:31:42 UTC", "Place": "Walmart", "Place Location": "Kamloops, BC", "Share Type": "Snap Send"}, {"Date": "2021-08-04 20:40:37 UTC", "Place": "Best Buy", "Place Location": "Kamloops, BC", "Share Type": "Snap Send"}, {"Date": "2021-07-30 16:31:16 UTC", "Place": "Walmart", "Place Location": "Kamloops, BC", "Share Type": "Snap Send"}, {"Date": "2021-07-18 23:27:24 UTC", "Place": "Copper Creek", "Place Location": "Copper Creek, BC", "Share Type": "Story Post"}, {"Date": "2021-07-14 01:29:19 UTC", "Place": "Royal Inland Hospital", "Place Location": "Kamloops, BC", "Share Type": "Snap Send"}, {"Date": "2021-07-07 01:30:57 UTC", "Place": "Walmart", "Place Location": "Kamloops, BC", "Share Type": "Snap Send"}, {"Date": "2021-07-04 06:49:55 UTC", "Place": "Thompson Rivers University", "Place Location": "Kamloops, BC", "Share Type": "Snap Send"}, {"Date": "2021-06-27 20:56:14 UTC", "Place": "Monte Creek", "Place Location": "Monte Creek, BC", "Share Type": "Snap Send"}, {"Date": "2021-06-26 02:59:07 UTC", "Place": "Cineplex", "Place Location": "Kamloops, BC", "Share Type": "Snap Send"}, {"Date": "2021-06-24 22:26:48 UTC", "Place": "River Safari", "Place Location": "Blue River, BC", "Share Type": "Snap Send"}, {"Date": "2021-06-24 21:10:20 UTC", "Place": "Avola", "Place Location": ", ", "Share Type": "Snap Send"}, {"Date": "2021-06-24 20:47:36 UTC", "Place": "Clearwater", "Place Location": "Clearwater, BC", "Share Type": "Snap Send"}, {"Date": "2021-06-11 15:08:55 UTC", "Place": "Walmart", "Place Location": "Kamloops, BC", "Share Type": "Snap Send"}, {"Date": "2021-06-01 03:12:30 UTC", "Place": "Central Station Pub", "Place Location": "Kamloops, British Columbia", "Share Type": "Snap Send"}, {"Date": "2021-05-22 04:15:39 UTC", "Place": "Mc Cracken Station Pub", "Place Location": "Kamloops, British Columbia", "Share Type": "Snap Send"}, {"Date": "2021-05-21 14:46:26 UTC", "Place": "Thompson Rivers University", "Place Location": "Kamloops, BC", "Share Type": "Snap Send"}, {"Date": "2021-05-18 23:37:49 UTC", "Place": "Walmart", "Place Location": "Kamloops, BC", "Share Type": "Snap Send"}, {"Date": "2021-04-26 23:14:46 UTC", "Place": "Earls", "Place Location": "Kamloops, British Columbia", "Share Type": "Story Post"}, {"Date": "2021-04-26 23:09:14 UTC", "Place": "Earls", "Place Location": "Kamloops, British Columbia", "Share Type": "Story Post"}, {"Date": "2021-04-26 06:31:10 UTC", "Place": "Thompson Rivers University", "Place Location": "Kamloops, BC", "Share Type": "Snap Send"}, {"Date": "2021-04-25 16:21:00 UTC", "Place": "Walmart", "Place Location": "Kamloops, BC", "Share Type": "Snap Send"}, {"Date": "2021-04-23 06:06:22 UTC", "Place": "Ramada Inn", "Place Location": "Kamloops, BC", "Share Type": "Snap Send"}, {"Date": "2021-04-21 00:34:15 UTC", "Place": "Walmart", "Place Location": "Kamloops, BC", "Share Type": "Snap Send"}, {"Date": "2021-04-19 01:29:41 UTC", "Place": "Walmart", "Place Location": "Kamloops, BC", "Share Type": "Snap Send"}, {"Date": "2021-04-16 21:48:46 UTC", "Place": "Thompson Rivers University", "Place Location": "Kamloops, BC", "Share Type": "Snap Send"}, {"Date": "2021-04-15 23:25:41 UTC", "Place": "Walmart", "Place Location": "Kamloops, BC", "Share Type": "Snap Send"}, {"Date": "2021-04-08 05:58:54 UTC", "Place": "Thompson Rivers University", "Place Location": "Kamloops, BC", "Share Type": "Snap Send"}, {"Date": "2021-04-08 00:22:31 UTC", "Place": "Thompson Rivers University", "Place Location": "Kamloops, BC", "Share Type": "Snap Send"}, {"Date": "2021-03-31 14:49:47 UTC", "Place": "Petro-Canada Gas Station &amp; Petro-Pass Truck Stop", "Place Location": "Kamloops, BC", "Share Type": "Snap Send"}, {"Date": "2021-03-23 04:34:22 UTC", "Place": "Central Station Pub", "Place Location": "Kamloops, British Columbia", "Share Type": "Snap Send"}, {"Date": "2021-03-20 04:57:43 UTC", "Place": "Rock&#39;N Firkin Pub and Grill", "Place Location": "Kamloops, British Columbia", "Share Type": "Snap Send"}, {"Date": "2021-03-06 04:27:02 UTC", "Place": "Sandbar Grill", "Place Location": "Kamloops, British Columbia", "Share Type": "Story Post"}, {"Date": "2021-02-23 07:14:42 UTC", "Place": "Upper College Heights", "Place Location": "Kamloops, BC", "Share Type": "Snap Send"}, {"Date": "2021-02-04 10:48:57 UTC", "Place": "Knights Inn Kamloops", "Place Location": "Kamloops, British Columbia", "Share Type": "Snap Send"}, {"Date": "2021-01-19 22:16:55 UTC", "Place": "Thompson Rivers University", "Place Location": "Kamloops, BC", "Share Type": "Snap Send"}, {"Date": "2021-01-19 05:04:44 UTC", "Place": "Walmart", "Place Location": "Kamloops, BC", "Share Type": "Snap Send"}, {"Date": "2021-01-16 02:14:42 UTC", "Place": "Walmart", "Place Location": "Kamloops, BC", "Share Type": "Snap Send"}, {"Date": "2021-01-12 05:47:35 UTC", "Place": "Falkland", "Place Location": "Falkland, BC", "Share Type": "Snap Send"}, {"Date": "2021-01-01 04:27:33 UTC", "Place": "Sun Peaks Lodge", "Place Location": "Sun Peaks, British Columbia", "Share Type": "Story Post"}, {"Date": "2020-12-28 22:27:55 UTC", "Place": "Thompson Rivers University", "Place Location": "Kamloops, BC", "Share Type": "Snap Send"}, {"Date": "2020-12-28 02:25:12 UTC", "Place": "Walmart", "Place Location": "Kamloops, BC", "Share Type": "Snap Send"}, {"Date": "2020-12-25 04:56:38 UTC", "Place": "Walmart", "Place Location": "Kamloops, BC", "Share Type": "Snap Send"}, {"Date": "2020-12-22 01:54:15 UTC", "Place": "Walmart", "Place Location": "Kamloops, BC", "Share Type": "Snap Send"}, {"Date": "2020-12-21 01:54:24 UTC", "Place": "Walmart", "Place Location": "Kamloops, BC", "Share Type": "Snap Send"}, {"Date": "2020-12-20 15:35:56 UTC", "Place": "Vancouver International Airport", "Place Location": "Richmond, BC", "Share Type": "Snap Send"}, {"Date": "2020-12-17 04:51:03 UTC", "Place": "Walmart", "Place Location": "Kamloops, BC", "Share Type": "Snap Send"}, {"Date": "2020-12-15 20:50:59 UTC", "Place": "Thompson Rivers University", "Place Location": "Kamloops, BC", "Share Type": "Snap Send"}, {"Date": "2020-12-15 02:06:25 UTC", "Place": "Walmart", "Place Location": "Kamloops, BC", "Share Type": "Snap Send"}, {"Date": "2020-12-09 04:45:27 UTC", "Place": "Walmart", "Place Location": "Kamloops, BC", "Share Type": "Snap Send"}, {"Date": "2020-12-07 03:18:04 UTC", "Place": "Thompson Rivers University", "Place Location": "Kamloops, BC", "Share Type": "Snap Send"}, {"Date": "2020-12-04 05:06:23 UTC", "Place": "Lac le Jeune", "Place Location": "Lac le Jeune, BC", "Share Type": "Snap Send"}, {"Date": "2020-12-04 03:28:00 UTC", "Place": "Lac Le Jeune", "Place Location": "Lac Le Jeune, BC", "Share Type": "Snap Send"}, {"Date": "2020-12-03 01:47:30 UTC", "Place": "North Hills Shopping Centre", "Place Location": "Kamloops, British Columbia", "Share Type": "Snap Send"}, {"Date": "2020-11-19 03:00:20 UTC", "Place": "Walmart", "Place Location": "Kamloops, BC", "Share Type": "Snap Send"}, {"Date": "2020-11-18 04:56:04 UTC", "Place": "Walmart", "Place Location": "Kamloops, BC", "Share Type": "Snap Send"}, {"Date": "2020-11-14 02:38:00 UTC", "Place": "Walmart", "Place Location": "Kamloops, BC", "Share Type": "Snap Send"}, {"Date": "2020-11-13 23:10:42 UTC", "Place": "Walmart", "Place Location": "Kamloops, BC", "Share Type": "Snap Send"}, {"Date": "2020-11-03 22:40:47 UTC", "Place": "Thompson Rivers University", "Place Location": "Kamloops, BC", "Share Type": "Snap Send"}, {"Date": "2020-11-03 08:02:30 UTC", "Place": "Upper College Heights", "Place Location": "Kamloops, BC", "Share Type": "Snap Send"}, {"Date": "2020-11-03 02:13:27 UTC", "Place": "Walmart", "Place Location": "Kamloops, BC", "Share Type": "Snap Send"}, {"Date": "2020-10-31 01:26:52 UTC", "Place": "Walmart", "Place Location": "Kamloops, BC", "Share Type": "Snap Send"}, {"Date": "2020-10-23 03:14:20 UTC", "Place": "Walmart", "Place Location": "Kamloops, BC", "Share Type": "Snap Send"}, {"Date": "2020-10-08 23:32:03 UTC", "Place": "Thompson Rivers University", "Place Location": "Kamloops, BC", "Share Type": "Snap Send"}, {"Date": "2020-09-30 07:04:45 UTC", "Place": "Royal Inland Hospital", "Place Location": "Kamloops, BC", "Share Type": "Snap Send"}, {"Date": "2020-09-30 01:46:48 UTC", "Place": "Walmart", "Place Location": "Kamloops, BC", "Share Type": "Snap Send"}, {"Date": "2020-09-26 21:54:59 UTC", "Place": "5Bean Brewbar &amp; Cafe", "Place Location": "Kamloops, British Columbia", "Share Type": "Snap Send"}, {"Date": "2020-09-21 03:34:19 UTC", "Place": "Fox N&#39; Hounds Liquor Store", "Place Location": "Kamloops, BC", "Share Type": "Snap Send"}, {"Date": "2020-09-18 04:47:03 UTC", "Place": "Walmart", "Place Location": "Kamloops, BC", "Share Type": "Snap Send"}, {"Date": "2020-09-14 01:09:54 UTC", "Place": "Walmart", "Place Location": "Kamloops, BC", "Share Type": "Snap Send"}, {"Date": "2020-09-11 19:33:39 UTC", "Place": "Thompson Rivers University", "Place Location": "Kamloops, BC", "Share Type": "Snap Send"}, {"Date": "2020-09-05 07:00:24 UTC", "Place": "Cineplex", "Place Location": "Kamloops, BC", "Share Type": "Snap Send"}, {"Date": "2020-08-31 04:31:21 UTC", "Place": "Kamloops", "Place Location": ", ", "Share Type": "Story Post"}, {"Date": "2020-08-24 05:01:05 UTC", "Place": "Fox&#39;n Hounds Pub", "Place Location": "Kamloops, BC", "Share Type": "Snap Send"}, {"Date": "2020-08-08 02:35:21 UTC", "Place": "Walmart", "Place Location": "Kamloops, BC", "Share Type": "Snap Send"}, {"Date": "2020-08-03 12:50:00 UTC", "Place": "Zoht 14", "Place Location": "Zoht 14, BC", "Share Type": "Snap Send"}, {"Date": "2020-07-24 07:06:27 UTC", "Place": "Barriere", "Place Location": "Barriere, BC", "Share Type": "Snap Send"}, {"Date": "2020-07-24 00:52:22 UTC", "Place": "Jasper", "Place Location": ", ", "Share Type": "Snap Send"}, {"Date": "2020-07-23 04:17:10 UTC", "Place": "Lake Louise", "Place Location": "Lake Louise, AB", "Share Type": "Snap Send"}, {"Date": "2020-07-22 03:43:41 UTC", "Place": "Castle Junction", "Place Location": ", ", "Share Type": "Snap Send"}, {"Date": "2020-07-22 02:41:11 UTC", "Place": "Sulphur Mountain Trail", "Place Location": "Banff, AB", "Share Type": "Story Post"}, {"Date": "2020-07-21 03:53:21 UTC", "Place": "Bow Falls", "Place Location": "Banff, Banff National Park", "Share Type": "Story Post"}, {"Date": "2020-07-14 02:38:26 UTC", "Place": "Costco", "Place Location": "Kamloops, BC", "Share Type": "Snap Send"}, {"Date": "2020-07-13 20:27:25 UTC", "Place": "Thompson Rivers University", "Place Location": "Kamloops, BC", "Share Type": "Snap Send"}, {"Date": "2020-07-10 14:11:23 UTC", "Place": "Copper Creek", "Place Location": "Copper Creek, BC", "Share Type": "Story Post"}, {"Date": "2020-07-10 14:11:22 UTC", "Place": "Copper Creek", "Place Location": "Copper Creek, BC", "Share Type": "Snap Send"}, {"Date": "2020-07-06 20:59:25 UTC", "Place": "Tasty Indian Bistro", "Place Location": "Vancouver, British Columbia", "Share Type": "Snap Send"}, {"Date": "2020-07-06 19:06:05 UTC", "Place": "Vancouver", "Place Location": "Vancouver, BC", "Share Type": "Snap Send"}, {"Date": "2020-07-06 11:43:39 UTC", "Place": "Vancouver", "Place Location": "Vancouver, BC", "Share Type": "Snap Send"}, {"Date": "2020-07-06 11:42:02 UTC", "Place": "Jericho Beach", "Place Location": "Vancouver, British Columbia", "Share Type": "Snap Send"}, {"Date": "2020-07-05 01:25:50 UTC", "Place": "Walmart", "Place Location": "Kamloops, BC", "Share Type": "Snap Send"}, {"Date": "2020-06-07 22:41:53 UTC", "Place": "Falkland", "Place Location": "Falkland, BC", "Share Type": "Snap Send"}, {"Date": "2020-06-07 19:16:32 UTC", "Place": "Kelowna", "Place Location": ", ", "Share Type": "Snap Send"}, {"Date": "2020-06-07 07:23:34 UTC", "Place": "BNA Brewing Co. &amp; Eatery", "Place Location": "Kelowna, British Columbia", "Share Type": "Story Post"}, {"Date": "2020-06-07 01:46:03 UTC", "Place": "Tsinstikeptum 10", "Place Location": "Tsinstikeptum 10, BC", "Share Type": "Snap Send"}, {"Date": "2020-05-27 04:37:05 UTC", "Place": "Othello", "Place Location": "Othello, BC", "Share Type": "Snap Send"}, {"Date": "2020-05-27 01:22:11 UTC", "Place": "Abbotsford", "Place Location": ", ", "Share Type": "Story Post"}, {"Date": "2020-05-27 00:11:18 UTC", "Place": "Marc Emery&#39;s: Cannabis Culture Headquarters", "Place Location": "Vancouver, BC", "Share Type": "Story Post"}, {"Date": "2020-05-25 10:55:30 UTC", "Place": "Sandman Suites Vancouver - Davie Street", "Place Location": "Vancouver, British Columbia", "Share Type": "Snap Send"}, {"Date": "2020-05-25 03:10:04 UTC", "Place": "Vancouver International Airport", "Place Location": "Richmond, BC", "Share Type": "Snap Send"}, {"Date": "2020-05-24 12:26:27 UTC", "Place": "Jericho Beach", "Place Location": "Vancouver, British Columbia", "Share Type": "Story Post"}, {"Date": "2020-05-24 11:21:13 UTC", "Place": "Waterfront Centre", "Place Location": "Vancouver, British Columbia", "Share Type": "Snap Send"}, {"Date": "2020-05-16 05:31:05 UTC", "Place": "Clearwater", "Place Location": "Clearwater, BC", "Share Type": "Snap Send"}, {"Date": "2020-05-12 13:30:12 UTC", "Place": "Thompson Rivers University", "Place Location": "Kamloops, BC", "Share Type": "Snap Send"}, {"Date": "2020-04-07 13:06:30 UTC", "Place": "Copper Creek", "Place Location": "Copper Creek, BC", "Share Type": "Snap Send"}, {"Date": "2020-03-07 09:39:40 UTC", "Place": "Merritt", "Place Location": ", ", "Share Type": "Snap Send"}, {"Date": "2020-03-07 07:26:41 UTC", "Place": "Merritt", "Place Location": ", ", "Share Type": "Story Post"}, {"Date": "2020-03-01 06:09:19 UTC", "Place": "Royal Inland Hospital", "Place Location": "Kamloops, BC", "Share Type": "Snap Send"}, {"Date": "2020-03-01 03:29:55 UTC", "Place": "Royal Inland Hospital", "Place Location": "Kamloops, BC", "Share Type": "Snap Send"}, {"Date": "2020-02-18 04:14:59 UTC", "Place": "Kelowna International Airport (YLW)", "Place Location": "Kelowna, BC", "Share Type": "Snap Send"}]}