{"Your Story Views": [], "Friend and Public Story Views": [{"View": "sohailthekhan", "Media Type": "STORY", "View Date": "2022-02-10 07:31:14 UTC"}, {"View": "sohailthekhan", "Media Type": "VIDEO", "View Date": "2022-02-10 07:31:14 UTC"}, {"View": "emmanuelfal", "Media Type": "STORY", "View Date": "2022-02-10 07:31:10 UTC"}, {"View": "emmanuelfal", "Media Type": "", "View Date": "2022-02-10 07:31:10 UTC"}, {"View": "sohailthekhan", "Media Type": "STORY", "View Date": "2022-02-10 00:45:43 UTC"}, {"View": "sohailthekhan", "Media Type": "VIDEO", "View Date": "2022-02-10 00:45:43 UTC"}, {"View": "rushae96", "Media Type": "STORY", "View Date": "2022-02-10 00:45:30 UTC"}, {"View": "rushae96", "Media Type": "VIDEO", "View Date": "2022-02-10 00:45:30 UTC"}, {"View": "rushae96", "Media Type": "", "View Date": "2022-02-10 00:45:25 UTC"}, {"View": "rushae96", "Media Type": "STORY", "View Date": "2022-02-09 08:31:22 UTC"}, {"View": "rushae96", "Media Type": "", "View Date": "2022-02-09 08:31:22 UTC"}, {"View": "jonathanjohnjsj", "Media Type": "STORY", "View Date": "2022-02-08 19:19:33 UTC"}, {"View": "jonathanjohnjsj", "Media Type": "", "View Date": "2022-02-08 19:19:33 UTC"}, {"View": "jonathanjohnjsj", "Media Type": "STORY", "View Date": "2022-02-07 23:50:13 UTC"}, {"View": "jonathanjohnjsj", "Media Type": "VIDEO", "View Date": "2022-02-07 23:50:13 UTC"}, {"View": "princessmehar", "Media Type": "STORY", "View Date": "2022-02-07 19:06:56 UTC"}, {"View": "princessmehar", "Media Type": "", "View Date": "2022-02-07 19:06:56 UTC"}, {"View": "princessmehar", "Media Type": "STORY", "View Date": "2022-02-07 17:30:50 UTC"}, {"View": "princessmehar", "Media Type": "", "View Date": "2022-02-07 17:30:50 UTC"}, {"View": "altruist200", "Media Type": "", "View Date": "2022-02-07 06:18:42 UTC"}, {"View": "altruist200", "Media Type": "STORY", "View Date": "2022-02-07 06:18:42 UTC"}, {"View": "altruist200", "Media Type": "VIDEO", "View Date": "2022-02-07 06:18:40 UTC"}, {"View": "altruist200", "Media Type": "VIDEO", "View Date": "2022-02-07 06:18:35 UTC"}, {"View": "altruist200", "Media Type": "VIDEO", "View Date": "2022-02-07 06:18:35 UTC"}, {"View": "altruist200", "Media Type": "VIDEO", "View Date": "2022-02-07 06:18:35 UTC"}, {"View": "altruist200", "Media Type": "VIDEO", "View Date": "2022-02-07 06:18:35 UTC"}, {"View": "altruist200", "Media Type": "VIDEO", "View Date": "2022-02-07 06:18:34 UTC"}, {"View": "altruist200", "Media Type": "VIDEO", "View Date": "2022-02-07 06:18:34 UTC"}, {"View": "altruist200", "Media Type": "VIDEO", "View Date": "2022-02-07 06:18:33 UTC"}, {"View": "altruist200", "Media Type": "VIDEO", "View Date": "2022-02-07 06:18:31 UTC"}, {"View": "altruist200", "Media Type": "", "View Date": "2022-02-07 06:18:28 UTC"}, {"View": "altruist200", "Media Type": "", "View Date": "2022-02-07 06:18:18 UTC"}, {"View": "altruist200", "Media Type": "", "View Date": "2022-02-07 06:18:17 UTC"}, {"View": "altruist200", "Media Type": "", "View Date": "2022-02-07 06:18:14 UTC"}, {"View": "altruist200", "Media Type": "VIDEO", "View Date": "2022-02-07 06:18:12 UTC"}, {"View": "altruist200", "Media Type": "", "View Date": "2022-02-07 06:18:12 UTC"}, {"View": "altruist200", "Media Type": "VIDEO", "View Date": "2022-02-07 06:18:06 UTC"}, {"View": "altruist200", "Media Type": "", "View Date": "2022-02-07 06:18:04 UTC"}, {"View": "altruist200", "Media Type": "VIDEO", "View Date": "2022-02-07 06:18:03 UTC"}, {"View": "altruist200", "Media Type": "", "View Date": "2022-02-07 06:17:59 UTC"}, {"View": "altruist200", "Media Type": "VIDEO", "View Date": "2022-02-07 06:17:55 UTC"}, {"View": "altruist200", "Media Type": "VIDEO", "View Date": "2022-02-07 06:17:51 UTC"}, {"View": "altruist200", "Media Type": "VIDEO", "View Date": "2022-02-07 06:17:48 UTC"}, {"View": "altruist200", "Media Type": "VIDEO", "View Date": "2022-02-07 06:17:43 UTC"}, {"View": "altruist200", "Media Type": "VIDEO", "View Date": "2022-02-07 06:17:41 UTC"}, {"View": "altruist200", "Media Type": "VIDEO", "View Date": "2022-02-07 06:17:40 UTC"}, {"View": "altruist200", "Media Type": "VIDEO", "View Date": "2022-02-07 06:17:36 UTC"}, {"View": "altruist200", "Media Type": "VIDEO", "View Date": "2022-02-07 06:17:36 UTC"}, {"View": "altruist200", "Media Type": "VIDEO", "View Date": "2022-02-07 06:17:34 UTC"}, {"View": "altruist200", "Media Type": "", "View Date": "2022-02-07 06:17:26 UTC"}, {"View": "altruist200", "Media Type": "", "View Date": "2022-02-07 06:17:24 UTC"}, {"View": "altruist200", "Media Type": "", "View Date": "2022-02-07 06:17:21 UTC"}, {"View": "altruist200", "Media Type": "VIDEO", "View Date": "2022-02-07 06:17:20 UTC"}, {"View": "altruist200", "Media Type": "VIDEO", "View Date": "2022-02-07 06:17:13 UTC"}, {"View": "ujwal0401", "Media Type": "VIDEO", "View Date": "2022-02-07 01:54:39 UTC"}, {"View": "ujwal0401", "Media Type": "STORY", "View Date": "2022-02-07 01:54:39 UTC"}, {"View": "chopra.madhav", "Media Type": "STORY", "View Date": "2022-02-07 00:38:53 UTC"}, {"View": "chopra.madhav", "Media Type": "", "View Date": "2022-02-07 00:38:53 UTC"}, {"View": "chopra.madhav", "Media Type": "VIDEO", "View Date": "2022-02-07 00:38:50 UTC"}, {"View": "chopra.madhav", "Media Type": "", "View Date": "2022-02-07 00:38:49 UTC"}, {"View": "ujwal0401", "Media Type": "STORY", "View Date": "2022-02-06 23:30:06 UTC"}, {"View": "ujwal0401", "Media Type": "VIDEO", "View Date": "2022-02-06 23:30:06 UTC"}, {"View": "kunal0195", "Media Type": "STORY", "View Date": "2022-02-06 23:30:05 UTC"}, {"View": "kunal0195", "Media Type": "VIDEO", "View Date": "2022-02-06 23:30:05 UTC"}, {"View": "kunal0195", "Media Type": "VIDEO", "View Date": "2022-02-06 23:30:04 UTC"}, {"View": "sachi_licious", "Media Type": "STORY", "View Date": "2022-02-06 18:26:49 UTC"}, {"View": "sachi_licious", "Media Type": "", "View Date": "2022-02-06 18:26:49 UTC"}, {"View": "uparjit", "Media Type": "STORY", "View Date": "2022-02-06 18:26:41 UTC"}, {"View": "uparjit", "Media Type": "VIDEO", "View Date": "2022-02-06 18:26:41 UTC"}, {"View": "steph_2royal", "Media Type": "STORY", "View Date": "2022-02-06 17:53:15 UTC"}, {"View": "steph_2royal", "Media Type": "VIDEO", "View Date": "2022-02-06 17:53:15 UTC"}, {"View": "sohailthekhan", "Media Type": "STORY", "View Date": "2022-02-06 17:53:11 UTC"}, {"View": "sohailthekhan", "Media Type": "VIDEO", "View Date": "2022-02-06 17:53:11 UTC"}, {"View": "anweshaadak", "Media Type": "STORY", "View Date": "2022-02-06 09:33:34 UTC"}, {"View": "anweshaadak", "Media Type": "", "View Date": "2022-02-06 09:33:34 UTC"}, {"View": "anweshaadak", "Media Type": "", "View Date": "2022-02-06 09:33:32 UTC"}, {"View": "anweshaadak", "Media Type": "VIDEO", "View Date": "2022-02-06 09:33:31 UTC"}, {"View": "anweshaadak", "Media Type": "VIDEO", "View Date": "2022-02-06 09:33:31 UTC"}, {"View": "sallu_1201", "Media Type": "STORY", "View Date": "2022-02-06 09:33:28 UTC"}, {"View": "sallu_1201", "Media Type": "VIDEO", "View Date": "2022-02-06 09:33:28 UTC"}, {"View": "ujwal0401", "Media Type": "STORY", "View Date": "2022-02-06 08:27:06 UTC"}, {"View": "ujwal0401", "Media Type": "", "View Date": "2022-02-06 08:27:06 UTC"}, {"View": "lexus-386", "Media Type": "STORY", "View Date": "2022-02-06 06:57:49 UTC"}, {"View": "lexus-386", "Media Type": "VIDEO", "View Date": "2022-02-06 06:57:49 UTC"}, {"View": "ayushsharma007", "Media Type": "STORY", "View Date": "2022-02-06 06:57:47 UTC"}, {"View": "ayushsharma007", "Media Type": "VIDEO", "View Date": "2022-02-06 06:57:47 UTC"}, {"View": "ayushsharma007", "Media Type": "VIDEO", "View Date": "2022-02-06 06:57:42 UTC"}, {"View": "sachi_licious", "Media Type": "STORY", "View Date": "2022-02-06 06:19:28 UTC"}, {"View": "sachi_licious", "Media Type": "VIDEO", "View Date": "2022-02-06 06:19:28 UTC"}, {"View": "sachi_licious", "Media Type": "STORY", "View Date": "2022-02-06 06:19:26 UTC"}, {"View": "sachi_licious", "Media Type": "VIDEO", "View Date": "2022-02-06 06:19:26 UTC"}, {"View": "sachi_licious", "Media Type": "", "View Date": "2022-02-06 06:19:25 UTC"}, {"View": "sachi_licious", "Media Type": "VIDEO", "View Date": "2022-02-06 06:19:24 UTC"}, {"View": "sachi_licious", "Media Type": "VIDEO", "View Date": "2022-02-06 06:19:24 UTC"}, {"View": "sachi_licious", "Media Type": "", "View Date": "2022-02-06 06:19:23 UTC"}, {"View": "sachi_licious", "Media Type": "VIDEO", "View Date": "2022-02-06 06:19:23 UTC"}, {"View": "sachi_licious", "Media Type": "VIDEO", "View Date": "2022-02-06 06:19:22 UTC"}, {"View": "gisselle_xx2", "Media Type": "STORY", "View Date": "2022-02-06 05:50:12 UTC"}, {"View": "gisselle_xx2", "Media Type": "VIDEO", "View Date": "2022-02-06 05:50:12 UTC"}, {"View": "sachi_licious", "Media Type": "STORY", "View Date": "2022-02-06 05:46:26 UTC"}, {"View": "sachi_licious", "Media Type": "VIDEO", "View Date": "2022-02-06 05:46:26 UTC"}, {"View": "saivishal24", "Media Type": "STORY", "View Date": "2022-02-06 02:14:42 UTC"}, {"View": "saivishal24", "Media Type": "", "View Date": "2022-02-06 02:14:42 UTC"}, {"View": "sachi_licious", "Media Type": "STORY", "View Date": "2022-02-05 20:46:08 UTC"}, {"View": "sachi_licious", "Media Type": "", "View Date": "2022-02-05 20:46:08 UTC"}, {"View": "sachi_licious", "Media Type": "", "View Date": "2022-02-05 20:46:07 UTC"}, {"View": "rushae96", "Media Type": "STORY", "View Date": "2022-02-05 19:45:58 UTC"}, {"View": "rushae96", "Media Type": "VIDEO", "View Date": "2022-02-05 19:45:58 UTC"}, {"View": "sachi_licious", "Media Type": "STORY", "View Date": "2022-02-05 16:50:40 UTC"}, {"View": "sachi_licious", "Media Type": "VIDEO", "View Date": "2022-02-05 16:50:40 UTC"}, {"View": "sachi_licious", "Media Type": "VIDEO", "View Date": "2022-02-05 16:50:39 UTC"}, {"View": "sachi_licious", "Media Type": "VIDEO", "View Date": "2022-02-05 16:50:38 UTC"}, {"View": "sachi_licious", "Media Type": "", "View Date": "2022-02-05 16:50:38 UTC"}, {"View": "sachi_licious", "Media Type": "", "View Date": "2022-02-05 16:50:37 UTC"}, {"View": "sachi_licious", "Media Type": "VIDEO", "View Date": "2022-02-05 16:50:36 UTC"}, {"View": "sachi_licious", "Media Type": "VIDEO", "View Date": "2022-02-05 16:50:34 UTC"}, {"View": "thecuteculture", "Media Type": "STORY", "View Date": "2022-02-05 16:50:32 UTC"}, {"View": "thecuteculture", "Media Type": "VIDEO", "View Date": "2022-02-05 16:50:32 UTC"}, {"View": "emmanuelfal", "Media Type": "VIDEO", "View Date": "2022-02-05 16:50:25 UTC"}, {"View": "emmanuelfal", "Media Type": "STORY", "View Date": "2022-02-05 16:50:25 UTC"}, {"View": "emmanuelfal", "Media Type": "VIDEO", "View Date": "2022-02-05 16:50:25 UTC"}, {"View": "emmanuelfal", "Media Type": "VIDEO", "View Date": "2022-02-05 16:50:22 UTC"}, {"View": "emmanuelfal", "Media Type": "STORY", "View Date": "2022-02-05 16:50:20 UTC"}, {"View": "emmanuelfal", "Media Type": "VIDEO", "View Date": "2022-02-05 16:50:20 UTC"}, {"View": "emmanuelfal", "Media Type": "STORY", "View Date": "2022-02-05 16:50:16 UTC"}, {"View": "emmanuelfal", "Media Type": "VIDEO", "View Date": "2022-02-05 16:50:16 UTC"}, {"View": "emmanuelfal", "Media Type": "VIDEO", "View Date": "2022-02-05 16:50:13 UTC"}, {"View": "jonathanjohnjsj", "Media Type": "STORY", "View Date": "2022-02-05 16:50:08 UTC"}, {"View": "jonathanjohnjsj", "Media Type": "VIDEO", "View Date": "2022-02-05 16:50:08 UTC"}, {"View": "sallu_1201", "Media Type": "STORY", "View Date": "2022-02-05 05:33:22 UTC"}, {"View": "sallu_1201", "Media Type": "VIDEO", "View Date": "2022-02-05 05:33:22 UTC"}, {"View": "emmanuelfal", "Media Type": "STORY", "View Date": "2022-02-05 02:59:44 UTC"}, {"View": "emmanuelfal", "Media Type": "VIDEO", "View Date": "2022-02-05 02:59:44 UTC"}, {"View": "rushae96", "Media Type": "STORY", "View Date": "2022-02-04 15:58:57 UTC"}, {"View": "rushae96", "Media Type": "VIDEO", "View Date": "2022-02-04 15:58:57 UTC"}, {"View": "fullyqualified", "Media Type": "STORY", "View Date": "2022-02-04 01:10:36 UTC"}, {"View": "fullyqualified", "Media Type": "", "View Date": "2022-02-04 01:10:36 UTC"}, {"View": "sachi_licious", "Media Type": "STORY", "View Date": "2022-02-04 01:10:33 UTC"}, {"View": "sachi_licious", "Media Type": "", "View Date": "2022-02-04 01:10:33 UTC"}, {"View": "steph_2royal", "Media Type": "STORY", "View Date": "2022-02-04 01:10:31 UTC"}, {"View": "steph_2royal", "Media Type": "", "View Date": "2022-02-04 01:10:31 UTC"}, {"View": "vikrantabel", "Media Type": "STORY", "View Date": "2022-02-03 21:42:02 UTC"}, {"View": "vikrantabel", "Media Type": "VIDEO", "View Date": "2022-02-03 21:42:02 UTC"}, {"View": "rushae96", "Media Type": "STORY", "View Date": "2022-02-03 03:53:27 UTC"}, {"View": "rushae96", "Media Type": "VIDEO", "View Date": "2022-02-03 03:53:27 UTC"}, {"View": "thecuteculture", "Media Type": "STORY", "View Date": "2022-02-02 19:39:54 UTC"}, {"View": "thecuteculture", "Media Type": "", "View Date": "2022-02-02 19:39:54 UTC"}, {"View": "thecuteculture", "Media Type": "VIDEO", "View Date": "2022-02-02 19:39:53 UTC"}, {"View": "nick6.2002", "Media Type": "STORY", "View Date": "2022-02-02 19:39:49 UTC"}, {"View": "nick6.2002", "Media Type": "", "View Date": "2022-02-02 19:39:49 UTC"}, {"View": "sohailthekhan", "Media Type": "STORY", "View Date": "2022-02-01 22:27:48 UTC"}, {"View": "sohailthekhan", "Media Type": "VIDEO", "View Date": "2022-02-01 22:27:48 UTC"}, {"View": "dj_e5quire", "Media Type": "STORY", "View Date": "2022-02-01 17:18:46 UTC"}, {"View": "dj_e5quire", "Media Type": "VIDEO", "View Date": "2022-02-01 17:18:46 UTC"}, {"View": "dj_e5quire", "Media Type": "VIDEO", "View Date": "2022-02-01 17:18:45 UTC"}, {"View": "dj_e5quire", "Media Type": "VIDEO", "View Date": "2022-02-01 17:18:42 UTC"}, {"View": "dj_e5quire", "Media Type": "VIDEO", "View Date": "2022-02-01 17:18:32 UTC"}, {"View": "dj_e5quire", "Media Type": "VIDEO", "View Date": "2022-02-01 17:18:28 UTC"}, {"View": "dj_e5quire", "Media Type": "VIDEO", "View Date": "2022-02-01 17:18:26 UTC"}, {"View": "dj_e5quire", "Media Type": "VIDEO", "View Date": "2022-02-01 17:18:16 UTC"}, {"View": "dj_e5quire", "Media Type": "VIDEO", "View Date": "2022-02-01 17:18:12 UTC"}, {"View": "dj_e5quire", "Media Type": "VIDEO", "View Date": "2022-02-01 17:18:01 UTC"}, {"View": "dj_e5quire", "Media Type": "VIDEO", "View Date": "2022-02-01 17:17:51 UTC"}, {"View": "dj_e5quire", "Media Type": "VIDEO", "View Date": "2022-02-01 17:17:41 UTC"}, {"View": "dj_e5quire", "Media Type": "VIDEO", "View Date": "2022-02-01 17:17:31 UTC"}, {"View": "dj_e5quire", "Media Type": "VIDEO", "View Date": "2022-02-01 17:17:31 UTC"}, {"View": "dj_e5quire", "Media Type": "VIDEO", "View Date": "2022-02-01 17:17:30 UTC"}, {"View": "rushae96", "Media Type": "STORY", "View Date": "2022-02-01 16:53:47 UTC"}, {"View": "rushae96", "Media Type": "VIDEO", "View Date": "2022-02-01 16:53:47 UTC"}, {"View": "kashikanahar21", "Media Type": "STORY", "View Date": "2022-02-01 08:57:28 UTC"}, {"View": "kashikanahar21", "Media Type": "", "View Date": "2022-02-01 08:57:28 UTC"}, {"View": "kashikanahar21", "Media Type": "STORY", "View Date": "2022-02-01 08:57:25 UTC"}, {"View": "kashikanahar21", "Media Type": "", "View Date": "2022-02-01 08:57:25 UTC"}, {"View": "gtanu97", "Media Type": "STORY", "View Date": "2022-02-01 08:57:22 UTC"}, {"View": "gtanu97", "Media Type": "VIDEO", "View Date": "2022-02-01 08:57:22 UTC"}, {"View": "mohak.jogle", "Media Type": "STORY", "View Date": "2022-02-01 01:43:14 UTC"}, {"View": "mohak.jogle", "Media Type": "VIDEO", "View Date": "2022-02-01 01:43:14 UTC"}, {"View": "sachin.nadig", "Media Type": "STORY", "View Date": "2022-01-31 08:34:29 UTC"}, {"View": "sachin.nadig", "Media Type": "VIDEO", "View Date": "2022-01-31 08:34:29 UTC"}, {"View": "fullyqualified", "Media Type": "STORY", "View Date": "2022-01-31 08:31:17 UTC"}, {"View": "fullyqualified", "Media Type": "", "View Date": "2022-01-31 08:31:17 UTC"}, {"View": "fullyqualified", "Media Type": "", "View Date": "2022-01-31 08:31:14 UTC"}, {"View": "swapnil_awesome", "Media Type": "STORY", "View Date": "2022-01-31 08:31:11 UTC"}, {"View": "swapnil_awesome", "Media Type": "VIDEO", "View Date": "2022-01-31 08:31:11 UTC"}, {"View": "swapnil_awesome", "Media Type": "", "View Date": "2022-01-31 08:31:10 UTC"}, {"View": "agnibhz", "Media Type": "STORY", "View Date": "2022-01-31 05:38:52 UTC"}, {"View": "agnibhz", "Media Type": "", "View Date": "2022-01-31 05:38:52 UTC"}, {"View": "agnibhz", "Media Type": "VIDEO", "View Date": "2022-01-31 05:38:51 UTC"}, {"View": "agnibhz", "Media Type": "VIDEO", "View Date": "2022-01-31 05:38:50 UTC"}, {"View": "sarahasar", "Media Type": "STORY", "View Date": "2022-01-31 05:38:49 UTC"}, {"View": "sarahasar", "Media Type": "", "View Date": "2022-01-31 05:38:49 UTC"}, {"View": "rohitx_7", "Media Type": "STORY", "View Date": "2022-01-31 05:38:46 UTC"}, {"View": "rohitx_7", "Media Type": "", "View Date": "2022-01-31 05:38:46 UTC"}, {"View": "dhruvidoshi23", "Media Type": "STORY", "View Date": "2022-01-31 05:38:42 UTC"}, {"View": "dhruvidoshi23", "Media Type": "", "View Date": "2022-01-31 05:38:42 UTC"}, {"View": "sneha_bhuse2020", "Media Type": "STORY", "View Date": "2022-01-31 02:39:59 UTC"}, {"View": "sneha_bhuse2020", "Media Type": "", "View Date": "2022-01-31 02:39:59 UTC"}, {"View": "agnibhz", "Media Type": "STORY", "View Date": "2022-01-31 01:37:34 UTC"}, {"View": "agnibhz", "Media Type": "", "View Date": "2022-01-31 01:37:34 UTC"}, {"View": "agnibhz", "Media Type": "", "View Date": "2022-01-31 01:37:33 UTC"}, {"View": "agnibhz", "Media Type": "VIDEO", "View Date": "2022-01-31 01:37:33 UTC"}, {"View": "agnibhz", "Media Type": "STORY", "View Date": "2022-01-30 23:40:32 UTC"}, {"View": "agnibhz", "Media Type": "", "View Date": "2022-01-30 23:40:32 UTC"}, {"View": "nick6.2002", "Media Type": "STORY", "View Date": "2022-01-30 23:40:31 UTC"}, {"View": "nick6.2002", "Media Type": "", "View Date": "2022-01-30 23:40:31 UTC"}, {"View": "dj_1670", "Media Type": "STORY", "View Date": "2022-01-30 23:40:27 UTC"}, {"View": "dj_1670", "Media Type": "VIDEO", "View Date": "2022-01-30 23:40:27 UTC"}, {"View": "jonathanjohnjsj", "Media Type": "STORY", "View Date": "2022-01-30 17:26:39 UTC"}, {"View": "jonathanjohnjsj", "Media Type": "", "View Date": "2022-01-30 17:26:39 UTC"}, {"View": "kanika2000", "Media Type": "STORY", "View Date": "2022-01-30 16:58:58 UTC"}, {"View": "kanika2000", "Media Type": "VIDEO", "View Date": "2022-01-30 16:58:58 UTC"}, {"View": "rohitx_7", "Media Type": "STORY", "View Date": "2022-01-30 07:54:33 UTC"}, {"View": "rohitx_7", "Media Type": "", "View Date": "2022-01-30 07:54:33 UTC"}, {"View": "dhruvidoshi23", "Media Type": "STORY", "View Date": "2022-01-30 07:54:31 UTC"}, {"View": "dhruvidoshi23", "Media Type": "VIDEO", "View Date": "2022-01-30 07:54:31 UTC"}, {"View": "dhruvidoshi23", "Media Type": "VIDEO", "View Date": "2022-01-30 07:54:28 UTC"}, {"View": "sachi_licious", "Media Type": "STORY", "View Date": "2022-01-30 07:54:20 UTC"}, {"View": "sachi_licious", "Media Type": "VIDEO", "View Date": "2022-01-30 07:54:20 UTC"}, {"View": "bulletproof002", "Media Type": "STORY", "View Date": "2022-01-30 03:51:58 UTC"}, {"View": "bulletproof002", "Media Type": "VIDEO", "View Date": "2022-01-30 03:51:58 UTC"}, {"View": "bulletproof002", "Media Type": "VIDEO", "View Date": "2022-01-30 03:51:55 UTC"}, {"View": "agnibhz", "Media Type": "STORY", "View Date": "2022-01-30 03:00:07 UTC"}, {"View": "agnibhz", "Media Type": "VIDEO", "View Date": "2022-01-30 03:00:07 UTC"}, {"View": "agnibhz", "Media Type": "VIDEO", "View Date": "2022-01-30 03:00:03 UTC"}, {"View": "ayushsharma007", "Media Type": "STORY", "View Date": "2022-01-30 02:59:56 UTC"}, {"View": "ayushsharma007", "Media Type": "", "View Date": "2022-01-30 02:59:56 UTC"}, {"View": "rushae96", "Media Type": "STORY", "View Date": "2022-01-30 02:59:52 UTC"}, {"View": "rushae96", "Media Type": "VIDEO", "View Date": "2022-01-30 02:59:52 UTC"}, {"View": "dhruvidoshi23", "Media Type": "STORY", "View Date": "2022-01-29 17:16:15 UTC"}, {"View": "dhruvidoshi23", "Media Type": "VIDEO", "View Date": "2022-01-29 17:16:15 UTC"}, {"View": "sallu_1201", "Media Type": "STORY", "View Date": "2022-01-29 16:43:45 UTC"}, {"View": "sallu_1201", "Media Type": "", "View Date": "2022-01-29 16:43:45 UTC"}, {"View": "agnibhz", "Media Type": "STORY", "View Date": "2022-01-29 16:43:42 UTC"}, {"View": "agnibhz", "Media Type": "VIDEO", "View Date": "2022-01-29 16:43:42 UTC"}, {"View": "agnibhz", "Media Type": "VIDEO", "View Date": "2022-01-29 16:43:40 UTC"}, {"View": "agnibhz", "Media Type": "", "View Date": "2022-01-29 16:43:34 UTC"}, {"View": "agnibhz", "Media Type": "VIDEO", "View Date": "2022-01-29 16:43:33 UTC"}, {"View": "agnibhz", "Media Type": "VIDEO", "View Date": "2022-01-29 16:43:31 UTC"}, {"View": "jonathanjohnjsj", "Media Type": "STORY", "View Date": "2022-01-29 16:43:01 UTC"}, {"View": "jonathanjohnjsj", "Media Type": "VIDEO", "View Date": "2022-01-29 16:43:01 UTC"}, {"View": "dhruvidoshi23", "Media Type": "VIDEO", "View Date": "2022-01-29 06:31:31 UTC"}, {"View": "dhruvidoshi23", "Media Type": "STORY", "View Date": "2022-01-29 06:31:31 UTC"}, {"View": "dhruvidoshi23", "Media Type": "VIDEO", "View Date": "2022-01-29 06:31:31 UTC"}, {"View": "dhruvidoshi23", "Media Type": "VIDEO", "View Date": "2022-01-29 06:31:28 UTC"}, {"View": "nick6.2002", "Media Type": "STORY", "View Date": "2022-01-29 06:31:26 UTC"}, {"View": "nick6.2002", "Media Type": "", "View Date": "2022-01-29 06:31:26 UTC"}, {"View": "nimmi202", "Media Type": "STORY", "View Date": "2022-01-29 06:31:24 UTC"}, {"View": "nimmi202", "Media Type": "", "View Date": "2022-01-29 06:31:24 UTC"}, {"View": "sarahasar", "Media Type": "STORY", "View Date": "2022-01-28 19:01:58 UTC"}, {"View": "sarahasar", "Media Type": "", "View Date": "2022-01-28 19:01:58 UTC"}, {"View": "sarahasar", "Media Type": "", "View Date": "2022-01-28 19:01:54 UTC"}, {"View": "sarahasar", "Media Type": "VIDEO", "View Date": "2022-01-28 19:01:53 UTC"}, {"View": "sarahasar", "Media Type": "", "View Date": "2022-01-28 19:01:53 UTC"}, {"View": "sarahasar", "Media Type": "VIDEO", "View Date": "2022-01-28 19:01:52 UTC"}, {"View": "sarahasar", "Media Type": "VIDEO", "View Date": "2022-01-28 19:01:51 UTC"}, {"View": "sarahasar", "Media Type": "VIDEO", "View Date": "2022-01-28 19:01:50 UTC"}, {"View": "sarahasar", "Media Type": "VIDEO", "View Date": "2022-01-28 19:01:46 UTC"}, {"View": "sarahasar", "Media Type": "VIDEO", "View Date": "2022-01-28 19:01:45 UTC"}, {"View": "sarahasar", "Media Type": "VIDEO", "View Date": "2022-01-28 19:01:45 UTC"}, {"View": "sarahasar", "Media Type": "VIDEO", "View Date": "2022-01-28 19:01:44 UTC"}, {"View": "sohailthekhan", "Media Type": "STORY", "View Date": "2022-01-28 19:01:39 UTC"}, {"View": "sohailthekhan", "Media Type": "", "View Date": "2022-01-28 19:01:39 UTC"}, {"View": "sallu_1201", "Media Type": "STORY", "View Date": "2022-01-28 08:02:57 UTC"}, {"View": "sallu_1201", "Media Type": "", "View Date": "2022-01-28 08:02:57 UTC"}, {"View": "swapnil_awesome", "Media Type": "STORY", "View Date": "2022-01-28 06:57:18 UTC"}, {"View": "swapnil_awesome", "Media Type": "", "View Date": "2022-01-28 06:57:18 UTC"}, {"View": "swapnil_awesome", "Media Type": "", "View Date": "2022-01-28 06:57:17 UTC"}, {"View": "swapnil_awesome", "Media Type": "VIDEO", "View Date": "2022-01-28 06:57:16 UTC"}, {"View": "agnibhz", "Media Type": "STORY", "View Date": "2022-01-28 06:57:14 UTC"}, {"View": "agnibhz", "Media Type": "VIDEO", "View Date": "2022-01-28 06:57:14 UTC"}, {"View": "vikrantabel", "Media Type": "STORY", "View Date": "2022-01-28 06:57:04 UTC"}, {"View": "vikrantabel", "Media Type": "VIDEO", "View Date": "2022-01-28 06:57:04 UTC"}, {"View": "dhruvidoshi23", "Media Type": "STORY", "View Date": "2022-01-28 02:28:40 UTC"}, {"View": "dhruvidoshi23", "Media Type": "VIDEO", "View Date": "2022-01-28 02:28:40 UTC"}, {"View": "rohitx_7", "Media Type": "STORY", "View Date": "2022-01-27 23:28:59 UTC"}, {"View": "rohitx_7", "Media Type": "", "View Date": "2022-01-27 23:28:59 UTC"}, {"View": "rohitx_7", "Media Type": "VIDEO", "View Date": "2022-01-27 23:28:55 UTC"}, {"View": "aakashnankani3", "Media Type": "STORY", "View Date": "2022-01-27 18:46:02 UTC"}, {"View": "aakashnankani3", "Media Type": "", "View Date": "2022-01-27 18:46:02 UTC"}, {"View": "sukhii085", "Media Type": "STORY", "View Date": "2022-01-27 03:12:52 UTC"}, {"View": "sukhii085", "Media Type": "VIDEO", "View Date": "2022-01-27 03:12:52 UTC"}, {"View": "altruist200", "Media Type": "STORY", "View Date": "2022-01-27 02:34:26 UTC"}, {"View": "altruist200", "Media Type": "", "View Date": "2022-01-27 02:34:26 UTC"}, {"View": "dhruvidoshi23", "Media Type": "STORY", "View Date": "2022-01-27 02:34:25 UTC"}, {"View": "dhruvidoshi23", "Media Type": "", "View Date": "2022-01-27 02:34:25 UTC"}, {"View": "lexus-386", "Media Type": "VIDEO", "View Date": "2022-01-27 02:34:22 UTC"}, {"View": "lexus-386", "Media Type": "STORY", "View Date": "2022-01-27 02:34:22 UTC"}, {"View": "lexus-386", "Media Type": "", "View Date": "2022-01-27 02:34:22 UTC"}, {"View": "emmanuelfal", "Media Type": "STORY", "View Date": "2022-01-27 02:19:42 UTC"}, {"View": "emmanuelfal", "Media Type": "", "View Date": "2022-01-27 02:19:42 UTC"}, {"View": "mohak.jogle", "Media Type": "STORY", "View Date": "2022-01-27 01:21:42 UTC"}, {"View": "mohak.jogle", "Media Type": "VIDEO", "View Date": "2022-01-27 01:21:42 UTC"}, {"View": "emmanuelfal", "Media Type": "STORY", "View Date": "2022-01-27 01:21:31 UTC"}, {"View": "emmanuelfal", "Media Type": "VIDEO", "View Date": "2022-01-27 01:21:31 UTC"}, {"View": "thecuteculture", "Media Type": "STORY", "View Date": "2022-01-26 21:11:48 UTC"}, {"View": "thecuteculture", "Media Type": "", "View Date": "2022-01-26 21:11:48 UTC"}, {"View": "rushae96", "Media Type": "STORY", "View Date": "2022-01-26 19:09:41 UTC"}, {"View": "rushae96", "Media Type": "", "View Date": "2022-01-26 19:09:41 UTC"}, {"View": "jonathanjohnjsj", "Media Type": "STORY", "View Date": "2022-01-26 19:09:39 UTC"}, {"View": "jonathanjohnjsj", "Media Type": "", "View Date": "2022-01-26 19:09:39 UTC"}, {"View": "jonathanjohnjsj", "Media Type": "VIDEO", "View Date": "2022-01-26 19:09:37 UTC"}, {"View": "yogesh_khochr20", "Media Type": "STORY", "View Date": "2022-01-26 19:09:35 UTC"}, {"View": "yogesh_khochr20", "Media Type": "", "View Date": "2022-01-26 19:09:35 UTC"}, {"View": "altruist200", "Media Type": "STORY", "View Date": "2022-01-26 05:17:43 UTC"}, {"View": "altruist200", "Media Type": "VIDEO", "View Date": "2022-01-26 05:17:43 UTC"}, {"View": "thecuteculture", "Media Type": "STORY", "View Date": "2022-01-26 05:17:43 UTC"}, {"View": "thecuteculture", "Media Type": "VIDEO", "View Date": "2022-01-26 05:17:43 UTC"}, {"View": "thecuteculture", "Media Type": "VIDEO", "View Date": "2022-01-26 05:17:42 UTC"}, {"View": "jonathanjohnjsj", "Media Type": "", "View Date": "2022-01-26 05:17:42 UTC"}, {"View": "jonathanjohnjsj", "Media Type": "STORY", "View Date": "2022-01-26 05:17:42 UTC"}, {"View": "nick6.2002", "Media Type": "STORY", "View Date": "2022-01-26 05:17:39 UTC"}, {"View": "nick6.2002", "Media Type": "", "View Date": "2022-01-26 05:17:39 UTC"}, {"View": "flirtywinks", "Media Type": "STORY", "View Date": "2022-01-25 21:16:03 UTC"}, {"View": "flirtywinks", "Media Type": "", "View Date": "2022-01-25 21:16:03 UTC"}, {"View": "flirtywinks", "Media Type": "STORY", "View Date": "2022-01-25 21:15:53 UTC"}, {"View": "flirtywinks", "Media Type": "", "View Date": "2022-01-25 21:15:53 UTC"}, {"View": "maulikaakhaja13", "Media Type": "STORY", "View Date": "2022-01-25 19:21:35 UTC"}, {"View": "maulikaakhaja13", "Media Type": "", "View Date": "2022-01-25 19:21:35 UTC"}, {"View": "maulikaakhaja13", "Media Type": "", "View Date": "2022-01-25 19:21:34 UTC"}, {"View": "maulikaakhaja13", "Media Type": "", "View Date": "2022-01-25 19:21:34 UTC"}, {"View": "maulikaakhaja13", "Media Type": "VIDEO", "View Date": "2022-01-25 19:21:33 UTC"}, {"View": "maulikaakhaja13", "Media Type": "", "View Date": "2022-01-25 19:21:32 UTC"}, {"View": "maulikaakhaja13", "Media Type": "", "View Date": "2022-01-25 19:21:32 UTC"}, {"View": "maulikaakhaja13", "Media Type": "", "View Date": "2022-01-25 19:21:31 UTC"}, {"View": "maulikaakhaja13", "Media Type": "", "View Date": "2022-01-25 19:21:30 UTC"}, {"View": "maulikaakhaja13", "Media Type": "", "View Date": "2022-01-25 19:21:25 UTC"}, {"View": "maulikaakhaja13", "Media Type": "", "View Date": "2022-01-25 19:21:22 UTC"}, {"View": "maulikaakhaja13", "Media Type": "VIDEO", "View Date": "2022-01-25 19:21:21 UTC"}, {"View": "maulikaakhaja13", "Media Type": "VIDEO", "View Date": "2022-01-25 19:21:21 UTC"}, {"View": "maulikaakhaja13", "Media Type": "", "View Date": "2022-01-25 19:21:21 UTC"}, {"View": "maulikaakhaja13", "Media Type": "VIDEO", "View Date": "2022-01-25 19:21:20 UTC"}, {"View": "maulikaakhaja13", "Media Type": "", "View Date": "2022-01-25 19:21:19 UTC"}, {"View": "maulikaakhaja13", "Media Type": "", "View Date": "2022-01-25 19:21:19 UTC"}, {"View": "maulikaakhaja13", "Media Type": "", "View Date": "2022-01-25 19:21:19 UTC"}, {"View": "maulikaakhaja13", "Media Type": "VIDEO", "View Date": "2022-01-25 19:21:19 UTC"}, {"View": "maulikaakhaja13", "Media Type": "VIDEO", "View Date": "2022-01-25 19:21:18 UTC"}, {"View": "maulikaakhaja13", "Media Type": "", "View Date": "2022-01-25 19:21:18 UTC"}, {"View": "princessmehar", "Media Type": "STORY", "View Date": "2022-01-25 19:21:15 UTC"}, {"View": "princessmehar", "Media Type": "", "View Date": "2022-01-25 19:21:15 UTC"}, {"View": "rushae96", "Media Type": "STORY", "View Date": "2022-01-25 18:46:28 UTC"}, {"View": "rushae96", "Media Type": "", "View Date": "2022-01-25 18:46:28 UTC"}, {"View": "rushae96", "Media Type": "VIDEO", "View Date": "2022-01-25 18:46:27 UTC"}, {"View": "jensonaviation", "Media Type": "STORY", "View Date": "2022-01-25 06:32:32 UTC"}, {"View": "jensonaviation", "Media Type": "VIDEO", "View Date": "2022-01-25 06:32:32 UTC"}, {"View": "princessmehar", "Media Type": "STORY", "View Date": "2022-01-25 06:32:24 UTC"}, {"View": "princessmehar", "Media Type": "", "View Date": "2022-01-25 06:32:24 UTC"}, {"View": "princessmehar", "Media Type": "STORY", "View Date": "2022-01-25 06:32:23 UTC"}, {"View": "princessmehar", "Media Type": "", "View Date": "2022-01-25 06:32:23 UTC"}, {"View": "thisissz", "Media Type": "STORY", "View Date": "2022-01-25 00:49:16 UTC"}, {"View": "thisissz", "Media Type": "", "View Date": "2022-01-25 00:49:16 UTC"}, {"View": "yogesh_khochr20", "Media Type": "STORY", "View Date": "2022-01-25 00:49:10 UTC"}, {"View": "yogesh_khochr20", "Media Type": "VIDEO", "View Date": "2022-01-25 00:49:10 UTC"}, {"View": "princessmehar", "Media Type": "STORY", "View Date": "2022-01-24 19:47:20 UTC"}, {"View": "princessmehar", "Media Type": "", "View Date": "2022-01-24 19:47:20 UTC"}, {"View": "saratiofficial", "Media Type": "STORY", "View Date": "2022-01-24 08:15:31 UTC"}, {"View": "saratiofficial", "Media Type": "VIDEO", "View Date": "2022-01-24 08:15:31 UTC"}, {"View": "saratiofficial", "Media Type": "VIDEO", "View Date": "2022-01-24 08:15:30 UTC"}, {"View": "saratiofficial", "Media Type": "VIDEO", "View Date": "2022-01-24 08:15:30 UTC"}, {"View": "saratiofficial", "Media Type": "", "View Date": "2022-01-24 08:15:27 UTC"}, {"View": "saratiofficial", "Media Type": "VIDEO", "View Date": "2022-01-24 08:15:27 UTC"}, {"View": "rashedbelhasa", "Media Type": "STORY", "View Date": "2022-01-24 08:14:43 UTC"}, {"View": "rashedbelhasa", "Media Type": "", "View Date": "2022-01-24 08:14:43 UTC"}, {"View": "rashedbelhasa", "Media Type": "VIDEO", "View Date": "2022-01-24 08:14:42 UTC"}, {"View": "rashedbelhasa", "Media Type": "VIDEO", "View Date": "2022-01-24 08:14:42 UTC"}, {"View": "sallu_1201", "Media Type": "STORY", "View Date": "2022-01-24 08:07:06 UTC"}, {"View": "sallu_1201", "Media Type": "", "View Date": "2022-01-24 08:07:06 UTC"}, {"View": "mixed_tarzan", "Media Type": "STORY", "View Date": "2022-01-24 05:26:55 UTC"}, {"View": "mixed_tarzan", "Media Type": "VIDEO", "View Date": "2022-01-24 05:26:55 UTC"}, {"View": "mixed_tarzan", "Media Type": "VIDEO", "View Date": "2022-01-24 05:26:54 UTC"}, {"View": "mixed_tarzan", "Media Type": "VIDEO", "View Date": "2022-01-24 05:26:46 UTC"}, {"View": "mixed_tarzan", "Media Type": "VIDEO", "View Date": "2022-01-24 05:26:32 UTC"}, {"View": "swapnil_awesome", "Media Type": "STORY", "View Date": "2022-01-24 01:54:12 UTC"}, {"View": "swapnil_awesome", "Media Type": "", "View Date": "2022-01-24 01:54:12 UTC"}, {"View": "altruist200", "Media Type": "STORY", "View Date": "2022-01-24 01:54:09 UTC"}, {"View": "altruist200", "Media Type": "VIDEO", "View Date": "2022-01-24 01:54:09 UTC"}, {"View": "dhruvidoshi23", "Media Type": "STORY", "View Date": "2022-01-23 23:48:30 UTC"}, {"View": "dhruvidoshi23", "Media Type": "", "View Date": "2022-01-23 23:48:30 UTC"}, {"View": "altruist200", "Media Type": "VIDEO", "View Date": "2022-01-23 19:45:41 UTC"}, {"View": "altruist200", "Media Type": "STORY", "View Date": "2022-01-23 19:45:41 UTC"}, {"View": "altruist200", "Media Type": "VIDEO", "View Date": "2022-01-23 19:45:41 UTC"}, {"View": "dikshant007", "Media Type": "STORY", "View Date": "2022-01-23 19:45:39 UTC"}, {"View": "dikshant007", "Media Type": "VIDEO", "View Date": "2022-01-23 19:45:39 UTC"}, {"View": "dikshant007", "Media Type": "VIDEO", "View Date": "2022-01-23 19:45:37 UTC"}, {"View": "dikshant007", "Media Type": "", "View Date": "2022-01-23 19:45:36 UTC"}, {"View": "dikshant007", "Media Type": "", "View Date": "2022-01-23 19:45:36 UTC"}, {"View": "dikshant007", "Media Type": "", "View Date": "2022-01-23 19:45:35 UTC"}, {"View": "dikshant007", "Media Type": "", "View Date": "2022-01-23 19:45:34 UTC"}, {"View": "dikshant007", "Media Type": "", "View Date": "2022-01-23 19:45:34 UTC"}, {"View": "gisselle_xx2", "Media Type": "STORY", "View Date": "2022-01-23 19:45:28 UTC"}, {"View": "gisselle_xx2", "Media Type": "VIDEO", "View Date": "2022-01-23 19:45:28 UTC"}, {"View": "sachin.nadig", "Media Type": "STORY", "View Date": "2022-01-23 19:45:20 UTC"}, {"View": "sachin.nadig", "Media Type": "", "View Date": "2022-01-23 19:45:20 UTC"}, {"View": "thecuteculture", "Media Type": "STORY", "View Date": "2022-01-23 19:45:07 UTC"}, {"View": "thecuteculture", "Media Type": "", "View Date": "2022-01-23 19:45:07 UTC"}, {"View": "saumya_26500", "Media Type": "STORY", "View Date": "2022-01-23 19:13:15 UTC"}, {"View": "saumya_26500", "Media Type": "VIDEO", "View Date": "2022-01-23 19:13:15 UTC"}, {"View": "gisselle_xx2", "Media Type": "STORY", "View Date": "2022-01-23 19:13:10 UTC"}, {"View": "gisselle_xx2", "Media Type": "VIDEO", "View Date": "2022-01-23 19:13:10 UTC"}, {"View": "lexus-386", "Media Type": "STORY", "View Date": "2022-01-23 10:24:20 UTC"}, {"View": "lexus-386", "Media Type": "VIDEO", "View Date": "2022-01-23 10:24:20 UTC"}, {"View": "swapnil_awesome", "Media Type": "STORY", "View Date": "2022-01-23 09:53:41 UTC"}, {"View": "swapnil_awesome", "Media Type": "", "View Date": "2022-01-23 09:53:41 UTC"}, {"View": "gtanu97", "Media Type": "STORY", "View Date": "2022-01-23 09:51:58 UTC"}, {"View": "gtanu97", "Media Type": "VIDEO", "View Date": "2022-01-23 09:51:58 UTC"}, {"View": "gtanu97", "Media Type": "VIDEO", "View Date": "2022-01-23 09:51:57 UTC"}, {"View": "gtanu97", "Media Type": "STORY", "View Date": "2022-01-23 09:51:55 UTC"}, {"View": "gtanu97", "Media Type": "VIDEO", "View Date": "2022-01-23 09:51:55 UTC"}, {"View": "gtanu97", "Media Type": "VIDEO", "View Date": "2022-01-23 09:51:54 UTC"}, {"View": "rohitx_7", "Media Type": "STORY", "View Date": "2022-01-23 05:21:11 UTC"}, {"View": "rohitx_7", "Media Type": "VIDEO", "View Date": "2022-01-23 05:21:11 UTC"}, {"View": "rohitx_7", "Media Type": "VIDEO", "View Date": "2022-01-23 05:21:10 UTC"}, {"View": "rohitx_7", "Media Type": "", "View Date": "2022-01-23 05:21:09 UTC"}, {"View": "rohitx_7", "Media Type": "VIDEO", "View Date": "2022-01-23 05:21:09 UTC"}, {"View": "lexus-386", "Media Type": "STORY", "View Date": "2022-01-23 04:44:58 UTC"}, {"View": "lexus-386", "Media Type": "", "View Date": "2022-01-23 04:44:58 UTC"}, {"View": "lexus-386", "Media Type": "VIDEO", "View Date": "2022-01-23 04:44:57 UTC"}, {"View": "lexus-386", "Media Type": "", "View Date": "2022-01-23 04:44:53 UTC"}, {"View": "lexus-386", "Media Type": "VIDEO", "View Date": "2022-01-23 04:44:52 UTC"}, {"View": "sachi_licious", "Media Type": "STORY", "View Date": "2022-01-23 04:44:50 UTC"}, {"View": "sachi_licious", "Media Type": "VIDEO", "View Date": "2022-01-23 04:44:50 UTC"}, {"View": "anweshaadak", "Media Type": "STORY", "View Date": "2022-01-23 03:04:20 UTC"}, {"View": "anweshaadak", "Media Type": "", "View Date": "2022-01-23 03:04:20 UTC"}, {"View": "vibhu_dubey", "Media Type": "", "View Date": "2022-01-23 03:04:18 UTC"}, {"View": "vibhu_dubey", "Media Type": "STORY", "View Date": "2022-01-23 03:04:18 UTC"}, {"View": "vibhu_dubey", "Media Type": "", "View Date": "2022-01-23 03:04:18 UTC"}, {"View": "rohitx_7", "Media Type": "STORY", "View Date": "2022-01-23 01:28:45 UTC"}, {"View": "rohitx_7", "Media Type": "", "View Date": "2022-01-23 01:28:45 UTC"}, {"View": "dhwanii.xx", "Media Type": "STORY", "View Date": "2022-01-23 00:45:36 UTC"}, {"View": "dhwanii.xx", "Media Type": "", "View Date": "2022-01-23 00:45:36 UTC"}, {"View": "justirfanshaikh", "Media Type": "STORY", "View Date": "2022-01-22 23:10:23 UTC"}, {"View": "justirfanshaikh", "Media Type": "VIDEO", "View Date": "2022-01-22 23:10:23 UTC"}, {"View": "thecuteculture", "Media Type": "VIDEO", "View Date": "2022-01-22 21:14:22 UTC"}, {"View": "thecuteculture", "Media Type": "STORY", "View Date": "2022-01-22 21:14:22 UTC"}, {"View": "thecuteculture", "Media Type": "", "View Date": "2022-01-22 21:14:21 UTC"}, {"View": "thecuteculture", "Media Type": "VIDEO", "View Date": "2022-01-22 21:14:21 UTC"}, {"View": "kanika2000", "Media Type": "STORY", "View Date": "2022-01-22 21:14:19 UTC"}, {"View": "kanika2000", "Media Type": "VIDEO", "View Date": "2022-01-22 21:14:19 UTC"}, {"View": "agnibhz", "Media Type": "STORY", "View Date": "2022-01-22 20:18:24 UTC"}, {"View": "agnibhz", "Media Type": "", "View Date": "2022-01-22 20:18:24 UTC"}, {"View": "emmanuelfal", "Media Type": "STORY", "View Date": "2022-01-22 17:17:40 UTC"}, {"View": "emmanuelfal", "Media Type": "VIDEO", "View Date": "2022-01-22 17:17:40 UTC"}, {"View": "emmanuelfal", "Media Type": "VIDEO", "View Date": "2022-01-22 17:17:39 UTC"}, {"View": "dhwanii.xx", "Media Type": "STORY", "View Date": "2022-01-22 10:11:36 UTC"}, {"View": "dhwanii.xx", "Media Type": "VIDEO", "View Date": "2022-01-22 10:11:36 UTC"}, {"View": "dhwanii.xx", "Media Type": "VIDEO", "View Date": "2022-01-22 10:11:35 UTC"}, {"View": "ayushsharma007", "Media Type": "STORY", "View Date": "2022-01-22 10:11:28 UTC"}, {"View": "ayushsharma007", "Media Type": "VIDEO", "View Date": "2022-01-22 10:11:28 UTC"}, {"View": "princessmehar", "Media Type": "STORY", "View Date": "2022-01-22 10:11:16 UTC"}, {"View": "princessmehar", "Media Type": "", "View Date": "2022-01-22 10:11:16 UTC"}, {"View": "princessmehar", "Media Type": "", "View Date": "2022-01-22 10:11:14 UTC"}, {"View": "altruist200", "Media Type": "STORY", "View Date": "2022-01-22 06:14:17 UTC"}, {"View": "altruist200", "Media Type": "VIDEO", "View Date": "2022-01-22 06:14:17 UTC"}, {"View": "jonathanjohnjsj", "Media Type": "", "View Date": "2022-01-22 05:16:01 UTC"}, {"View": "jonathanjohnjsj", "Media Type": "STORY", "View Date": "2022-01-22 05:16:00 UTC"}, {"View": "gisselle_xx2", "Media Type": "STORY", "View Date": "2022-01-21 23:29:58 UTC"}, {"View": "gisselle_xx2", "Media Type": "VIDEO", "View Date": "2022-01-21 23:29:58 UTC"}, {"View": "gisselle_xx2", "Media Type": "STORY", "View Date": "2022-01-21 22:15:52 UTC"}, {"View": "gisselle_xx2", "Media Type": "VIDEO", "View Date": "2022-01-21 22:15:52 UTC"}, {"View": "altruist200", "Media Type": "STORY", "View Date": "2022-01-21 20:29:05 UTC"}, {"View": "altruist200", "Media Type": "VIDEO", "View Date": "2022-01-21 20:29:05 UTC"}, {"View": "altruist200", "Media Type": "VIDEO", "View Date": "2022-01-21 20:29:04 UTC"}, {"View": "altruist200", "Media Type": "VIDEO", "View Date": "2022-01-21 20:29:03 UTC"}, {"View": "altruist200", "Media Type": "VIDEO", "View Date": "2022-01-21 20:29:03 UTC"}, {"View": "altruist200", "Media Type": "VIDEO", "View Date": "2022-01-21 20:29:02 UTC"}, {"View": "altruist200", "Media Type": "VIDEO", "View Date": "2022-01-21 20:29:02 UTC"}, {"View": "altruist200", "Media Type": "", "View Date": "2022-01-21 20:29:01 UTC"}, {"View": "altruist200", "Media Type": "VIDEO", "View Date": "2022-01-21 20:29:01 UTC"}, {"View": "altruist200", "Media Type": "", "View Date": "2022-01-21 20:29:00 UTC"}, {"View": "altruist200", "Media Type": "", "View Date": "2022-01-21 20:29:00 UTC"}, {"View": "altruist200", "Media Type": "", "View Date": "2022-01-21 20:28:59 UTC"}, {"View": "altruist200", "Media Type": "", "View Date": "2022-01-21 20:28:59 UTC"}, {"View": "altruist200", "Media Type": "", "View Date": "2022-01-21 20:28:59 UTC"}, {"View": "altruist200", "Media Type": "VIDEO", "View Date": "2022-01-21 20:28:59 UTC"}, {"View": "altruist200", "Media Type": "VIDEO", "View Date": "2022-01-21 20:28:58 UTC"}, {"View": "altruist200", "Media Type": "VIDEO", "View Date": "2022-01-21 20:28:58 UTC"}, {"View": "altruist200", "Media Type": "VIDEO", "View Date": "2022-01-21 20:28:58 UTC"}, {"View": "altruist200", "Media Type": "VIDEO", "View Date": "2022-01-21 20:28:58 UTC"}, {"View": "altruist200", "Media Type": "VIDEO", "View Date": "2022-01-21 20:28:58 UTC"}, {"View": "altruist200", "Media Type": "VIDEO", "View Date": "2022-01-21 20:28:57 UTC"}, {"View": "altruist200", "Media Type": "VIDEO", "View Date": "2022-01-21 20:28:57 UTC"}, {"View": "altruist200", "Media Type": "VIDEO", "View Date": "2022-01-21 20:28:56 UTC"}, {"View": "altruist200", "Media Type": "VIDEO", "View Date": "2022-01-21 20:28:56 UTC"}, {"View": "altruist200", "Media Type": "VIDEO", "View Date": "2022-01-21 20:28:55 UTC"}, {"View": "altruist200", "Media Type": "VIDEO", "View Date": "2022-01-21 20:28:54 UTC"}, {"View": "altruist200", "Media Type": "VIDEO", "View Date": "2022-01-21 20:28:53 UTC"}, {"View": "altruist200", "Media Type": "VIDEO", "View Date": "2022-01-21 20:28:52 UTC"}, {"View": "altruist200", "Media Type": "VIDEO", "View Date": "2022-01-21 20:28:51 UTC"}, {"View": "altruist200", "Media Type": "VIDEO", "View Date": "2022-01-21 20:28:50 UTC"}, {"View": "altruist200", "Media Type": "VIDEO", "View Date": "2022-01-21 20:28:50 UTC"}, {"View": "altruist200", "Media Type": "VIDEO", "View Date": "2022-01-21 20:28:49 UTC"}, {"View": "altruist200", "Media Type": "VIDEO", "View Date": "2022-01-21 20:28:49 UTC"}, {"View": "altruist200", "Media Type": "VIDEO", "View Date": "2022-01-21 20:28:48 UTC"}, {"View": "altruist200", "Media Type": "VIDEO", "View Date": "2022-01-21 20:28:48 UTC"}, {"View": "altruist200", "Media Type": "VIDEO", "View Date": "2022-01-21 20:28:47 UTC"}, {"View": "altruist200", "Media Type": "VIDEO", "View Date": "2022-01-21 20:28:47 UTC"}, {"View": "altruist200", "Media Type": "VIDEO", "View Date": "2022-01-21 20:28:47 UTC"}, {"View": "altruist200", "Media Type": "VIDEO", "View Date": "2022-01-21 20:28:45 UTC"}, {"View": "altruist200", "Media Type": "", "View Date": "2022-01-21 20:28:44 UTC"}, {"View": "anushaadvani", "Media Type": "STORY", "View Date": "2022-01-21 20:28:41 UTC"}, {"View": "anushaadvani", "Media Type": "", "View Date": "2022-01-21 20:28:41 UTC"}, {"View": "dj_1670", "Media Type": "STORY", "View Date": "2022-01-21 20:28:32 UTC"}, {"View": "dj_1670", "Media Type": "VIDEO", "View Date": "2022-01-21 20:28:32 UTC"}, {"View": "luckyjae0322", "Media Type": "STORY", "View Date": "2022-01-21 18:11:28 UTC"}, {"View": "luckyjae0322", "Media Type": "", "View Date": "2022-01-21 18:11:28 UTC"}, {"View": "jonathanjohnjsj", "Media Type": "STORY", "View Date": "2022-01-21 17:59:51 UTC"}, {"View": "jonathanjohnjsj", "Media Type": "", "View Date": "2022-01-21 17:59:51 UTC"}, {"View": "rashedbelhasa", "Media Type": "STORY", "View Date": "2022-01-21 07:06:44 UTC"}, {"View": "rashedbelhasa", "Media Type": "", "View Date": "2022-01-21 07:06:44 UTC"}, {"View": "rashedbelhasa", "Media Type": "", "View Date": "2022-01-21 07:06:43 UTC"}, {"View": "rashedbelhasa", "Media Type": "", "View Date": "2022-01-21 07:06:42 UTC"}, {"View": "rashedbelhasa", "Media Type": "", "View Date": "2022-01-21 07:06:41 UTC"}, {"View": "rashedbelhasa", "Media Type": "", "View Date": "2022-01-21 07:06:40 UTC"}, {"View": "rashedbelhasa", "Media Type": "", "View Date": "2022-01-21 07:06:39 UTC"}, {"View": "rashedbelhasa", "Media Type": "", "View Date": "2022-01-21 07:06:37 UTC"}, {"View": "rashedbelhasa", "Media Type": "", "View Date": "2022-01-21 07:06:36 UTC"}, {"View": "rashedbelhasa", "Media Type": "", "View Date": "2022-01-21 07:06:34 UTC"}, {"View": "rashedbelhasa", "Media Type": "", "View Date": "2022-01-21 07:06:31 UTC"}, {"View": "rashedbelhasa", "Media Type": "", "View Date": "2022-01-21 07:06:30 UTC"}, {"View": "rashedbelhasa", "Media Type": "VIDEO", "View Date": "2022-01-21 07:06:29 UTC"}, {"View": "rashedbelhasa", "Media Type": "VIDEO", "View Date": "2022-01-21 07:06:28 UTC"}, {"View": "rashedbelhasa", "Media Type": "VIDEO", "View Date": "2022-01-21 07:06:27 UTC"}, {"View": "dbilzerian", "Media Type": "VIDEO", "View Date": "2022-01-21 07:06:22 UTC"}, {"View": "dbilzerian", "Media Type": "VIDEO", "View Date": "2022-01-21 07:06:21 UTC"}, {"View": "dbilzerian", "Media Type": "STORY", "View Date": "2022-01-21 07:06:21 UTC"}, {"View": "dbilzerian", "Media Type": "VIDEO", "View Date": "2022-01-21 07:06:12 UTC"}, {"View": "loganpaul", "Media Type": "STORY", "View Date": "2022-01-21 07:03:55 UTC"}, {"View": "loganpaul", "Media Type": "VIDEO", "View Date": "2022-01-21 07:03:55 UTC"}, {"View": "loganpaul", "Media Type": "STORY", "View Date": "2022-01-21 07:03:48 UTC"}, {"View": "loganpaul", "Media Type": "VIDEO", "View Date": "2022-01-21 07:03:48 UTC"}, {"View": "loganpaul", "Media Type": "VIDEO", "View Date": "2022-01-21 07:03:48 UTC"}, {"View": "loganpaul", "Media Type": "VIDEO", "View Date": "2022-01-21 07:03:47 UTC"}, {"View": "kareena_1982", "Media Type": "STORY", "View Date": "2022-01-21 05:29:55 UTC"}, {"View": "kareena_1982", "Media Type": "VIDEO", "View Date": "2022-01-21 05:29:55 UTC"}, {"View": "jonathanjohnjsj", "Media Type": "STORY", "View Date": "2022-01-21 05:27:14 UTC"}, {"View": "jonathanjohnjsj", "Media Type": "", "View Date": "2022-01-21 05:27:14 UTC"}, {"View": "jonathanjohnjsj", "Media Type": "STORY", "View Date": "2022-01-21 04:38:58 UTC"}, {"View": "jonathanjohnjsj", "Media Type": "VIDEO", "View Date": "2022-01-21 04:38:58 UTC"}, {"View": "lexus-386", "Media Type": "STORY", "View Date": "2022-01-21 01:16:09 UTC"}, {"View": "lexus-386", "Media Type": "VIDEO", "View Date": "2022-01-21 01:16:09 UTC"}, {"View": "agnibhz", "Media Type": "STORY", "View Date": "2022-01-20 17:01:31 UTC"}, {"View": "agnibhz", "Media Type": "", "View Date": "2022-01-20 17:01:31 UTC"}, {"View": "gabstergurly", "Media Type": "STORY", "View Date": "2022-01-20 09:12:29 UTC"}, {"View": "gabstergurly", "Media Type": "", "View Date": "2022-01-20 09:12:29 UTC"}, {"View": "gabstergurly", "Media Type": "", "View Date": "2022-01-20 09:12:28 UTC"}, {"View": "gabstergurly", "Media Type": "", "View Date": "2022-01-20 09:12:28 UTC"}, {"View": "gabstergurly", "Media Type": "", "View Date": "2022-01-20 09:12:27 UTC"}, {"View": "gabstergurly", "Media Type": "VIDEO", "View Date": "2022-01-20 09:12:26 UTC"}, {"View": "gabstergurly", "Media Type": "", "View Date": "2022-01-20 09:12:19 UTC"}, {"View": "gabstergurly", "Media Type": "", "View Date": "2022-01-20 09:12:18 UTC"}, {"View": "gmurray11", "Media Type": "STORY", "View Date": "2022-01-20 09:11:53 UTC"}, {"View": "gmurray11", "Media Type": "", "View Date": "2022-01-20 09:11:53 UTC"}, {"View": "gmurray11", "Media Type": "", "View Date": "2022-01-20 09:11:45 UTC"}, {"View": "gmurray11", "Media Type": "VIDEO", "View Date": "2022-01-20 09:11:44 UTC"}, {"View": "gmurray11", "Media Type": "VIDEO", "View Date": "2022-01-20 09:11:42 UTC"}, {"View": "gmurray11", "Media Type": "VIDEO", "View Date": "2022-01-20 09:11:38 UTC"}, {"View": "gmurray11", "Media Type": "", "View Date": "2022-01-20 09:11:38 UTC"}, {"View": "gmurray11", "Media Type": "", "View Date": "2022-01-20 09:11:33 UTC"}, {"View": "gmurray11", "Media Type": "VIDEO", "View Date": "2022-01-20 09:11:29 UTC"}, {"View": "gmurray11", "Media Type": "", "View Date": "2022-01-20 09:11:28 UTC"}, {"View": "gmurray11", "Media Type": "", "View Date": "2022-01-20 09:11:27 UTC"}, {"View": "gmurray11", "Media Type": "", "View Date": "2022-01-20 09:11:21 UTC"}, {"View": "gmurray11", "Media Type": "VIDEO", "View Date": "2022-01-20 09:11:20 UTC"}, {"View": "gmurray11", "Media Type": "VIDEO", "View Date": "2022-01-20 09:11:18 UTC"}, {"View": "gmurray11", "Media Type": "VIDEO", "View Date": "2022-01-20 09:11:10 UTC"}, {"View": "gmurray11", "Media Type": "VIDEO", "View Date": "2022-01-20 09:11:06 UTC"}, {"View": "gmurray11", "Media Type": "VIDEO", "View Date": "2022-01-20 09:11:06 UTC"}, {"View": "gmurray11", "Media Type": "VIDEO", "View Date": "2022-01-20 09:10:59 UTC"}, {"View": "gmurray11", "Media Type": "", "View Date": "2022-01-20 09:10:53 UTC"}, {"View": "gmurray11", "Media Type": "", "View Date": "2022-01-20 09:10:49 UTC"}, {"View": "thecuteculture", "Media Type": "STORY", "View Date": "2022-01-20 08:53:41 UTC"}, {"View": "thecuteculture", "Media Type": "", "View Date": "2022-01-20 08:53:41 UTC"}, {"View": "jonathanjohnjsj", "Media Type": "STORY", "View Date": "2022-01-20 08:04:31 UTC"}, {"View": "jonathanjohnjsj", "Media Type": "", "View Date": "2022-01-20 08:04:31 UTC"}, {"View": "saai-gangawane", "Media Type": "STORY", "View Date": "2022-01-20 07:01:07 UTC"}, {"View": "saai-gangawane", "Media Type": "VIDEO", "View Date": "2022-01-20 07:01:07 UTC"}, {"View": "leaelui", "Media Type": "STORY", "View Date": "2022-01-19 21:04:36 UTC"}, {"View": "leaelui", "Media Type": "", "View Date": "2022-01-19 21:04:36 UTC"}, {"View": "leaelui", "Media Type": "VIDEO", "View Date": "2022-01-19 21:04:35 UTC"}, {"View": "leaelui", "Media Type": "", "View Date": "2022-01-19 21:04:35 UTC"}, {"View": "altruist200", "Media Type": "STORY", "View Date": "2022-01-19 21:04:29 UTC"}, {"View": "altruist200", "Media Type": "VIDEO", "View Date": "2022-01-19 21:04:29 UTC"}, {"View": "altruist200", "Media Type": "VIDEO", "View Date": "2022-01-19 21:04:28 UTC"}, {"View": "altruist200", "Media Type": "VIDEO", "View Date": "2022-01-19 21:04:28 UTC"}, {"View": "altruist200", "Media Type": "VIDEO", "View Date": "2022-01-19 21:04:27 UTC"}, {"View": "altruist200", "Media Type": "VIDEO", "View Date": "2022-01-19 21:04:26 UTC"}, {"View": "altruist200", "Media Type": "VIDEO", "View Date": "2022-01-19 21:04:24 UTC"}, {"View": "altruist200", "Media Type": "VIDEO", "View Date": "2022-01-19 21:04:23 UTC"}, {"View": "altruist200", "Media Type": "VIDEO", "View Date": "2022-01-19 21:04:23 UTC"}, {"View": "altruist200", "Media Type": "VIDEO", "View Date": "2022-01-19 21:04:22 UTC"}, {"View": "altruist200", "Media Type": "VIDEO", "View Date": "2022-01-19 21:04:22 UTC"}, {"View": "altruist200", "Media Type": "VIDEO", "View Date": "2022-01-19 21:04:22 UTC"}, {"View": "altruist200", "Media Type": "", "View Date": "2022-01-19 21:04:21 UTC"}, {"View": "altruist200", "Media Type": "", "View Date": "2022-01-19 21:04:19 UTC"}, {"View": "altruist200", "Media Type": "VIDEO", "View Date": "2022-01-19 21:04:13 UTC"}, {"View": "altruist200", "Media Type": "VIDEO", "View Date": "2022-01-19 21:04:11 UTC"}, {"View": "altruist200", "Media Type": "VIDEO", "View Date": "2022-01-19 21:04:10 UTC"}, {"View": "dhruvidoshi23", "Media Type": "STORY", "View Date": "2022-01-19 21:04:10 UTC"}, {"View": "dhruvidoshi23", "Media Type": "", "View Date": "2022-01-19 21:04:10 UTC"}, {"View": "dhruvidoshi23", "Media Type": "", "View Date": "2022-01-19 21:04:09 UTC"}, {"View": "dj_1670", "Media Type": "STORY", "View Date": "2022-01-19 21:04:08 UTC"}, {"View": "dj_1670", "Media Type": "VIDEO", "View Date": "2022-01-19 21:04:08 UTC"}, {"View": "harshmi_1806", "Media Type": "STORY", "View Date": "2022-01-19 10:24:23 UTC"}, {"View": "harshmi_1806", "Media Type": "", "View Date": "2022-01-19 10:24:23 UTC"}, {"View": "ayushsharma007", "Media Type": "STORY", "View Date": "2022-01-18 23:38:26 UTC"}, {"View": "ayushsharma007", "Media Type": "", "View Date": "2022-01-18 23:38:26 UTC"}, {"View": "ayushsharma007", "Media Type": "VIDEO", "View Date": "2022-01-18 23:37:56 UTC"}, {"View": "ayushsharma007", "Media Type": "VIDEO", "View Date": "2022-01-18 23:37:56 UTC"}, {"View": "shrishtinatani", "Media Type": "STORY", "View Date": "2022-01-18 21:01:34 UTC"}, {"View": "shrishtinatani", "Media Type": "", "View Date": "2022-01-18 21:01:34 UTC"}, {"View": "shrishtinatani", "Media Type": "STORY", "View Date": "2022-01-18 21:01:33 UTC"}, {"View": "shrishtinatani", "Media Type": "", "View Date": "2022-01-18 21:01:33 UTC"}, {"View": "ayushm21", "Media Type": "STORY", "View Date": "2022-01-18 19:39:44 UTC"}, {"View": "ayushm21", "Media Type": "VIDEO", "View Date": "2022-01-18 19:39:44 UTC"}, {"View": "yogesh_khochr20", "Media Type": "STORY", "View Date": "2022-01-18 18:02:10 UTC"}, {"View": "yogesh_khochr20", "Media Type": "", "View Date": "2022-01-18 18:02:10 UTC"}, {"View": "yogesh_khochr20", "Media Type": "", "View Date": "2022-01-18 18:02:07 UTC"}, {"View": "yogesh_khochr20", "Media Type": "", "View Date": "2022-01-18 18:02:02 UTC"}, {"View": "palakj824", "Media Type": "STORY", "View Date": "2022-01-18 18:01:58 UTC"}, {"View": "palakj824", "Media Type": "", "View Date": "2022-01-18 18:01:54 UTC"}, {"View": "palakj824", "Media Type": "", "View Date": "2022-01-18 18:01:54 UTC"}, {"View": "palakj824", "Media Type": "", "View Date": "2022-01-18 18:01:53 UTC"}, {"View": "sachin.nadig", "Media Type": "STORY", "View Date": "2022-01-18 18:01:51 UTC"}, {"View": "sachin.nadig", "Media Type": "VIDEO", "View Date": "2022-01-18 18:01:51 UTC"}, {"View": "anushaadvani", "Media Type": "STORY", "View Date": "2022-01-18 18:01:47 UTC"}, {"View": "anushaadvani", "Media Type": "", "View Date": "2022-01-18 18:01:47 UTC"}, {"View": "princessmehar", "Media Type": "STORY", "View Date": "2022-01-18 18:01:40 UTC"}, {"View": "princessmehar", "Media Type": "", "View Date": "2022-01-18 18:01:40 UTC"}, {"View": "princessmehar", "Media Type": "STORY", "View Date": "2022-01-18 18:01:35 UTC"}, {"View": "princessmehar", "Media Type": "", "View Date": "2022-01-18 18:01:35 UTC"}, {"View": "gmurray11", "Media Type": "", "View Date": "2022-01-18 16:53:04 UTC"}, {"View": "gmurray11", "Media Type": "STORY", "View Date": "2022-01-18 16:53:04 UTC"}, {"View": "gmurray11", "Media Type": "", "View Date": "2022-01-18 16:53:01 UTC"}, {"View": "gmurray11", "Media Type": "VIDEO", "View Date": "2022-01-18 16:52:56 UTC"}, {"View": "gmurray11", "Media Type": "VIDEO", "View Date": "2022-01-18 16:52:53 UTC"}, {"View": "gmurray11", "Media Type": "", "View Date": "2022-01-18 16:52:51 UTC"}, {"View": "gmurray11", "Media Type": "VIDEO", "View Date": "2022-01-18 16:52:49 UTC"}, {"View": "gmurray11", "Media Type": "VIDEO", "View Date": "2022-01-18 16:52:48 UTC"}, {"View": "gmurray11", "Media Type": "VIDEO", "View Date": "2022-01-18 16:52:43 UTC"}, {"View": "gmurray11", "Media Type": "VIDEO", "View Date": "2022-01-18 16:52:41 UTC"}, {"View": "gmurray11", "Media Type": "", "View Date": "2022-01-18 16:52:35 UTC"}, {"View": "gmurray11", "Media Type": "", "View Date": "2022-01-18 16:52:34 UTC"}, {"View": "gmurray11", "Media Type": "VIDEO", "View Date": "2022-01-18 16:52:31 UTC"}, {"View": "gmurray11", "Media Type": "VIDEO", "View Date": "2022-01-18 16:52:29 UTC"}, {"View": "yogesh_khochr20", "Media Type": "STORY", "View Date": "2022-01-18 16:37:02 UTC"}, {"View": "yogesh_khochr20", "Media Type": "", "View Date": "2022-01-18 16:37:02 UTC"}, {"View": "yogesh_khochr20", "Media Type": "", "View Date": "2022-01-18 16:36:53 UTC"}, {"View": "marynouraa", "Media Type": "", "View Date": "2022-01-18 08:55:00 UTC"}, {"View": "marynouraa", "Media Type": "VIDEO", "View Date": "2022-01-18 08:54:59 UTC"}, {"View": "marynouraa", "Media Type": "STORY", "View Date": "2022-01-18 08:54:59 UTC"}, {"View": "marynouraa", "Media Type": "", "View Date": "2022-01-18 08:54:58 UTC"}, {"View": "marynouraa", "Media Type": "VIDEO", "View Date": "2022-01-18 08:54:57 UTC"}, {"View": "marynouraa", "Media Type": "VIDEO", "View Date": "2022-01-18 08:54:56 UTC"}, {"View": "marynouraa", "Media Type": "VIDEO", "View Date": "2022-01-18 08:54:56 UTC"}, {"View": "marynouraa", "Media Type": "", "View Date": "2022-01-18 08:54:55 UTC"}, {"View": "marynouraa", "Media Type": "STORY", "View Date": "2022-01-18 08:54:53 UTC"}, {"View": "marynouraa", "Media Type": "VIDEO", "View Date": "2022-01-18 08:54:53 UTC"}, {"View": "sgowthaman21", "Media Type": "STORY", "View Date": "2022-01-17 18:33:16 UTC"}, {"View": "sgowthaman21", "Media Type": "", "View Date": "2022-01-17 18:33:16 UTC"}, {"View": "gmurray11", "Media Type": "STORY", "View Date": "2022-01-17 11:49:16 UTC"}, {"View": "gmurray11", "Media Type": "", "View Date": "2022-01-17 11:49:16 UTC"}, {"View": "gmurray11", "Media Type": "", "View Date": "2022-01-17 11:49:14 UTC"}, {"View": "gmurray11", "Media Type": "", "View Date": "2022-01-17 11:49:12 UTC"}, {"View": "gmurray11", "Media Type": "", "View Date": "2022-01-17 11:49:10 UTC"}, {"View": "gmurray11", "Media Type": "", "View Date": "2022-01-17 11:49:09 UTC"}, {"View": "gmurray11", "Media Type": "", "View Date": "2022-01-17 11:49:09 UTC"}, {"View": "gmurray11", "Media Type": "", "View Date": "2022-01-17 11:49:09 UTC"}, {"View": "gmurray11", "Media Type": "", "View Date": "2022-01-17 11:49:08 UTC"}, {"View": "gmurray11", "Media Type": "", "View Date": "2022-01-17 11:49:07 UTC"}, {"View": "gmurray11", "Media Type": "", "View Date": "2022-01-17 11:49:06 UTC"}, {"View": "gmurray11", "Media Type": "", "View Date": "2022-01-17 11:49:05 UTC"}, {"View": "gmurray11", "Media Type": "", "View Date": "2022-01-17 11:49:02 UTC"}, {"View": "gmurray11", "Media Type": "", "View Date": "2022-01-17 11:49:01 UTC"}, {"View": "gmurray11", "Media Type": "", "View Date": "2022-01-17 11:49:00 UTC"}, {"View": "gmurray11", "Media Type": "", "View Date": "2022-01-17 11:49:00 UTC"}, {"View": "gmurray11", "Media Type": "", "View Date": "2022-01-17 11:48:58 UTC"}, {"View": "gmurray11", "Media Type": "", "View Date": "2022-01-17 11:48:56 UTC"}, {"View": "gmurray11", "Media Type": "", "View Date": "2022-01-17 11:48:53 UTC"}, {"View": "gmurray11", "Media Type": "", "View Date": "2022-01-17 11:48:53 UTC"}, {"View": "gmurray11", "Media Type": "VIDEO", "View Date": "2022-01-17 11:48:50 UTC"}, {"View": "gmurray11", "Media Type": "", "View Date": "2022-01-17 11:48:47 UTC"}, {"View": "gmurray11", "Media Type": "", "View Date": "2022-01-17 11:48:45 UTC"}, {"View": "gmurray11", "Media Type": "", "View Date": "2022-01-17 11:48:42 UTC"}, {"View": "gmurray11", "Media Type": "", "View Date": "2022-01-17 11:48:37 UTC"}, {"View": "gmurray11", "Media Type": "", "View Date": "2022-01-17 11:48:35 UTC"}, {"View": "gmurray11", "Media Type": "", "View Date": "2022-01-17 11:48:33 UTC"}, {"View": "gmurray11", "Media Type": "", "View Date": "2022-01-17 11:48:32 UTC"}, {"View": "gmurray11", "Media Type": "", "View Date": "2022-01-17 11:48:30 UTC"}, {"View": "gmurray11", "Media Type": "", "View Date": "2022-01-17 11:48:28 UTC"}, {"View": "gmurray11", "Media Type": "", "View Date": "2022-01-17 11:48:27 UTC"}, {"View": "harshmi_1806", "Media Type": "STORY", "View Date": "2022-01-17 11:48:24 UTC"}, {"View": "harshmi_1806", "Media Type": "", "View Date": "2022-01-17 11:48:24 UTC"}, {"View": "harshmi_1806", "Media Type": "STORY", "View Date": "2022-01-17 11:48:21 UTC"}, {"View": "harshmi_1806", "Media Type": "", "View Date": "2022-01-17 11:48:21 UTC"}, {"View": "harshmi_1806", "Media Type": "", "View Date": "2022-01-17 11:48:20 UTC"}, {"View": "swapnil_awesome", "Media Type": "STORY", "View Date": "2022-01-17 06:18:39 UTC"}, {"View": "swapnil_awesome", "Media Type": "", "View Date": "2022-01-17 06:18:39 UTC"}, {"View": "dikshant007", "Media Type": "STORY", "View Date": "2022-01-17 06:18:35 UTC"}, {"View": "dikshant007", "Media Type": "", "View Date": "2022-01-17 06:18:35 UTC"}, {"View": "saranshjain1234", "Media Type": "STORY", "View Date": "2022-01-17 06:18:23 UTC"}, {"View": "saranshjain1234", "Media Type": "", "View Date": "2022-01-17 06:18:23 UTC"}, {"View": "sgowthaman21", "Media Type": "", "View Date": "2022-01-17 05:40:35 UTC"}, {"View": "sgowthaman21", "Media Type": "STORY", "View Date": "2022-01-17 05:40:34 UTC"}, {"View": "dhruvidoshi23", "Media Type": "STORY", "View Date": "2022-01-17 04:45:14 UTC"}, {"View": "dhruvidoshi23", "Media Type": "VIDEO", "View Date": "2022-01-17 04:45:14 UTC"}, {"View": "dhruvidoshi23", "Media Type": "VIDEO", "View Date": "2022-01-17 04:45:08 UTC"}, {"View": "yogesh_khochr20", "Media Type": "STORY", "View Date": "2022-01-16 23:54:26 UTC"}, {"View": "yogesh_khochr20", "Media Type": "VIDEO", "View Date": "2022-01-16 23:54:26 UTC"}, {"View": "yogesh_khochr20", "Media Type": "VIDEO", "View Date": "2022-01-16 23:54:24 UTC"}, {"View": "yogesh_khochr20", "Media Type": "STORY", "View Date": "2022-01-16 23:54:13 UTC"}, {"View": "yogesh_khochr20", "Media Type": "VIDEO", "View Date": "2022-01-16 23:54:13 UTC"}, {"View": "yogesh_khochr20", "Media Type": "STORY", "View Date": "2022-01-16 23:54:10 UTC"}, {"View": "yogesh_khochr20", "Media Type": "VIDEO", "View Date": "2022-01-16 23:54:10 UTC"}, {"View": "yogesh_khochr20", "Media Type": "STORY", "View Date": "2022-01-16 23:54:03 UTC"}, {"View": "yogesh_khochr20", "Media Type": "VIDEO", "View Date": "2022-01-16 23:54:03 UTC"}, {"View": "saai-gangawane", "Media Type": "STORY", "View Date": "2022-01-16 16:48:04 UTC"}, {"View": "saai-gangawane", "Media Type": "VIDEO", "View Date": "2022-01-16 16:48:04 UTC"}, {"View": "saumya_26500", "Media Type": "STORY", "View Date": "2022-01-16 16:36:22 UTC"}, {"View": "saumya_26500", "Media Type": "", "View Date": "2022-01-16 16:36:22 UTC"}, {"View": "saumya_26500", "Media Type": "VIDEO", "View Date": "2022-01-16 16:36:19 UTC"}, {"View": "saumya_26500", "Media Type": "VIDEO", "View Date": "2022-01-16 16:36:17 UTC"}]}