{"Snap Inc. Terms of Service": [{"Version": "Snap Privacy Policy &amp; Terms of Service - January 10, 2017", "Acceptance Date": "2017-01-11 14:38:46 UTC"}, {"Version": "Snap Terms of Service &amp; Privacy Policy - November 15, 2021", "Acceptance Date": "2021-11-20 21:43:37 UTC"}, {"Version": "Snap Terms of Service - February 18, 2019", "Acceptance Date": "2019-02-19 17:55:54 UTC"}, {"Version": "Snap Privacy Policy &amp; Terms of Service - September 30, 2021", "Acceptance Date": "2021-09-01 21:08:04 UTC"}, {"Version": "Snap Privacy Policy &amp; Terms of Service - September 26, 2017", "Acceptance Date": "2017-09-28 15:23:45 UTC"}, {"Version": "Snap Privacy Policy &amp; Terms of Service - September 30, 2019", "Acceptance Date": "2019-10-02 23:04:58 UTC"}, {"Version": "Snap Privacy Policy &amp; Terms of Service - September 26, 2016", "Acceptance Date": "2016-10-23 12:40:07 UTC"}, {"Version": "Memories Terms of Service", "Acceptance Date": "2016-10-23 12:40:07 UTC"}], "Custom Creative Tools Terms": [], "Business Services Terms": [], "Games Terms": [{"Name": "Ludo Club Privacy Policy &amp; Terms of Service", "Acceptance Date": "2021-05-02 17:31:49 UTC"}, {"Name": "Sugar Slam Privacy Policy &amp; Terms of Service", "Acceptance Date": "2020-05-29 08:53:49 UTC"}]}