{"App Profile": {"Country": "CA", "Creation Time": "2015-02-15 13:19:29 UTC", "Account Creation Country": "IN", "Platform Version": "IOS", "In-app Language": "en"}, "Demographics": {"Cohort Age": "AGE_21_TO_24", "Derived Ad Demographic": "MALE"}, "Subscriptions": [], "Engagement": [{"Event": "Direct Snaps Created", "Occurrences": 71}, {"Event": "Chats Sent", "Occurrences": 650}, {"Event": "Discover Snap Views", "Occurrences": 530}, {"Event": "Snap Sends", "Occurrences": 40}, {"Event": "Story Views", "Occurrences": 229}, {"Event": "Discover Editions Viewed", "Occurrences": 36}, {"Event": "Story Ads Viewed", "Occurrences": 149}, {"Event": "Application Opens", "Occurrences": 1071}, {"Event": "Geofilter Swipes", "Occurrences": 234}, {"Event": "Snaps Viewed in a Story", "Occurrences": 544}, {"Event": "Geofilter Story Snaps Viewed", "Occurrences": 168}, {"Event": "Chats Viewed", "Occurrences": 767}, {"Event": "Direct Snaps Viewed", "Occurrences": 135}, {"Event": "Snap Views", "Occurrences": 271}, {"Event": "Geofilter Snap Sends", "Occurrences": 7}], "Discover Channels Viewed": [{"Channel Name": "6de8850d-9c2d-4781-a1a2-337135aac7e2"}, {"Channel Name": "90fae6ae-3057-42ea-8d5b-a1f2a5f3c391"}, {"Channel Name": "91839a59-9482-401a-829d-3709297b3599"}, {"Channel Name": "97ceff38-98d5-4e16-b16f-2dbe1ea84309"}, {"Channel Name": "Bitmoji"}, {"Channel Name": "a39e9cf9-8e1c-4aec-a0b2-46a9ad8cd3ad"}, {"Channel Name": "fe083f27-ea77-4010-88f2-fc228a9c7263"}], "Breakdown of Time Spent on App": ["Camera: 2.70%", "Discover: 1.30%", "Map: 0.19%", "Memories: 0.03%", "Messaging: 2.78%", "Others: 92.77%", "Profile: 0.22%"], "Ads You Interacted With": [{"Advertiser Name": "Baidu (Hong Kong) Limited", "Date": "2021-01-21"}, {"Advertiser Name": "Tinder", "Date": "2021-02-14"}, {"Advertiser Name": "Draft Kings Inc.", "Date": "2021-03-30"}, {"Advertiser Name": "ADWOOL LLC", "Date": "2021-04-28"}, {"Advertiser Name": "VYG Growth Limited", "Date": "2021-04-28"}, {"Advertiser Name": "Sparoom", "Date": "2021-07-16"}, {"Advertiser Name": "Angry Orchard", "Date": "2021-10-23"}, {"Advertiser Name": "Riot Games", "Date": "2021-11-14"}], "Interest Categories": ["Pizza Lovers", "Collegiates", "Political News Watchers", "Yoga Enthusiasts", "Techies & Gadget Fans", "Techies & Gadget Fans - HEC", "Clubbers & Party People", "Arts & Culture Mavens - HEC", "American Football Fans", "Mobile Gamers - Mid-Core and Hardcore", "World Music Fans", "Music Fans - HEC", "Frequent International Travelers", "Frequent Travelers", "Energy Drink Consumers", "Discount & Thrifty Shoppers", "Arts & Culture Mavens", "Business News Watchers", "Luxury Shoppers", "Cycling Enthusiasts", "Comedy Fans", "Indie & Foreign Film Fans", "Olympics Enthusiasts", "Green Living Enthusiasts", "Crime & Mystery Genre Fans", "Department Store Shoppers", "Console Gamers", "Film & TV Fans", "Fashion & Style Gurus", "Travel Enthusiasts - HEC", "Burger Lovers - HEC", "Beauty Mavens", "Concert & Festival Goers", "Family Travelers", "Worldly Travelers", "Foodies", "Outdoor & Nature Enthusiasts - HEC", "Baseball Fans", "Cooking Enthusiasts", "News Watchers - HEC", "Adventure Seekers", "Basketball Fans", "Fitness Enthusiasts", "Frequent Travelers - HEC", "Talk Show Fans", "Theme Park Visitors", "Mobile Gamers - Trivia", "Automotive Enthusiasts", "Bookworms & Avid Readers", "Teen & Young Adult Genre Fans", "Sci-fi & Fantasy Fans", "Pizza Lovers - HEC", "High Schoolers", "Fight & Wrestling Fans", "Family Genre Fans", "Talent & Competition Show Fans", "Photographers", "Crime & Mystery Genre Fans - HEC", "Do-It-Yourselfers", "Coffee Lovers", "Burger Lovers", "Family Genre Fans - HEC", "Big Box Shoppers", "Cordcutters", "Wellness & Healthy Lifestyle", "Pop Music Fans", "Comics & Animation Fans - HEC", "Shoppers", "Console & PC Gamers", "Motor Sports Fans", "Gamers", "Fitness Enthusiasts - HEC", "Movie Theater Goers", "PC Gamers", "College Football Fans", "Sports Fans", "Oral Care Shoppers", "Shoppers - HEC", "College Basketball Fans", "Comics & Animation Fans", "Chat Fiction Enthusiasts", "Soft Drink Consumers", "Frequent Hotel Guests", "Advocates & Activists - HEC", "Horror Genre Fans", "Drama Genre Fans - HEC", "Cricket Fans", "Cycling Enthusiasts - HEC", "Superhero Film Fans", "Crypto Enthusiasts", "Women's Lifestyle", "Mobile Gamers - Puzzles", "Women's Fashion Shoppers", "Action & Thriller Genre Fans", "Automotive Shoppers", "Pet & Animal Lovers", "Candy & Sweets Lovers", "Concert & Festival Goers - HEC", "Hipsters & Trendsetters", "Frequent Hotel Guests - HEC", "Shopping Mall Shoppers", "Hockey Fans - HEC", "Meme Watchers", "Cosmetics Shoppers", "Fun Trivia & Quiz Fanatics - HEC", "New Phone Seekers", "Frequent Fliers", "Home Decoristas", "Investors & Entrepreneurs", "Hipsters & Trendsetters - HEC", "Beer Drinkers", "Running Enthusiasts", "Toy Shoppers", "Sci-fi & Fantasy Fans - HEC", "Cordcutters - HEC", "Water Sport Enthusiasts", "Street Sport Enthusiasts", "Sharp-Dressed Men", "Pet & Animal Lovers - HEC", "Coffee Lovers - HEC", "eSports Enthusiasts", "Casino Visitors", "Philanthropists", "Fun Trivia & Quiz Fanatics", "Mobile Gamers", "Film & TV Fans - HEC", "Sneakerheads", "Travel Enthusiasts", "Snow Sport Enthusiasts", "Men's Fashion Shoppers", "Mobile Gamers - Casual", "Golfers", "Outdoor & Nature Enthusiasts", "Men's Lifestyle", "Fast Food Junkies - HEC", "Math & Science Enthusiasts", "American Football Fans - HEC", "Hip-Hop Music Fans", "Beachgoers & Surfers - HEC", "Vegans & Organic Foodies", "News Watchers", "Jewelry & Watch Shoppers", "Beachgoers & Surfers", "Soccer Enthusiasts", "Music Fans", "Money Minders", "Fast Food Junkies", "Advocates & Activists", "Drama Genre Fans", "Battle Combat & FPS Gamers", "Dance & Electronic Music Fans", "Social Drinkers", "Reality TV Fans", "Parents & Family-Focused", "Gamers - HEC", "Hockey Fans", "Celebrity News Watchers", "Liquor & Spirits Drinkers", "Wine Enthusiasts", "Romance & Rom-Com Fans"], "Geographic Information": [], "Interactions": {"Web Interactions": ["deciem.com", "subway.com", "gap.com", "virginmobile.ca", "wealthsimple.com", "guess.com", "adidas.com", "uwindsor.ca", "louisvuitton.com", "canadadrives.ca", "everie.ca", "breitling.com", "coursehero.com", "studocu.com", "lift.co", "sokoglam.com", "callitspring.com", "bristol.ac.uk", "planetfitness.com", "footlocker.com", "championmethod.com", "tvasports.ca", "shopghlee.com", "nymag.com", "borrowell.com", "funimation.com", "redbubble.com", "gravityblankets.com", "planetfitness.ca", "betway.com", "google.com", "90min.com", "hp.com", "wwe.com", "fittrack.com", "shopify.com", "simplii.com", "theofficegifts.com", "kyliecosmetics.com", "soulmiacollection.com", "shopify.ca", "viarail.ca", "diply.com", "wired.com", "myprotein.com", "babiesrus.ca", "cphgrooming.com", "uopeople.edu", "muddybites.com", "ndp.ca", "hbo.com", "leagueoflegends.com", "autofixcredit.ca", "feelpure.ca", "bissell.com", "ssense.com", "walmart.ca", "pandora.net", "jbl.com", "kenzzi.com", "olivevideochat.com", "thecut.com", "travelocity.ca", "hatstorecanada.com", "fitmentindustries.com", "lenscrafters.ca", "canadiantire.ca", "chegg.com", "herb.co", "pizzahut.ca", "coachoutlet.com", "guess.ca", "vistaprint.ca", "establishedtitles.com", "goldshinejewels.com", "heywise.com", "weightwatchers.com", "converse.ca", "noom.com", "trycloudy.com", "gq.com", "champion.com", "yourrulingplanet.com", "navmusic.com", "miraclesofa.com", "reviewtesters.com", "unsmoke.ca", "rona.ca", "theperspective.com", "cruvoyage.com", "booking.com", "underarmour.ca", "vulog.center", "constative.com", "danielwellington.com", "heat.io", "uottawa.ca", "betterme.world", "juicleds.com", "davidsbridal.com", "dominos.ca", "hm.com", "tattoodo.com", "siriusxm.ca", "lacoste.com", "marriott.com", "theconqueror.events", "cartier.com", "em-lyon.com", "articture.com", "newarena.com", "shopslickstreet.com", "vice.com", "zipcar.com", "katespade.com", "luminskin.com", "baileynelson.com", "easyskinz.com", "burlington.com", "ticketmaster.ca", "asos.com", "drivepedia.com", "mycooler.com", "astroworldstore.com", "astro-alan.com", "shoedazzle.com", "investing.com", "thesmartwallet.tips", "mlssoccer.com", "airbnb.ca", "herschel.ca", "icbc.com", "musiicool.com", "scene.ca", "gocase.com", "meundies.com", "blockfi.com", "doordash.com", "prodigygame.com", "numerade.com", "bellmedia.ca", "dynamiteclothing.com", "zaful.com", "chisell.eu", "elfcosmetics.com", "inkbox.com", "bionicgym.com", "mvmt.com", "buzzfeednews.com", "vulture.com", "littleburgundyshoes.com", "cineplex.com", "quizlet.com", "7secondssmile.com", "gothelist.com", "kewlioo.com", "aveda.ca", "7-eleven.ca", "blissy.co", "liftlegging.com", "lorealparis.ca", "datacamp.com", "champssports.com", "hercampus.com", "loungeunderwear.com", "ninjajournalist.com", "virallights.com", "vocal.media", "ipsy.com", "refinery29.com", "openfit.com", "bonappetit.com", "petsmart.ca", "bccpa.ca", "nesto.ca", "ovira.com", "getgoing.ca", "blanchemacdonald.com", "nike.com", "fool.com", "manscaped.com", "perfectbody.me", "fashionbeans.com", "ignite.co", "virginmedia.com", "samsung.com", "splendies.com", "eyebuydirect.com", "ufile.ca", "diesel.com", "iherb.com", "draftkings.com", "reebok.ca", "adoreme.com", "peacocktv.com", "menchtech.com", "plannedparenthood.org", "chicme.com", "notfromhere.io", "dairyfarmersofcanada.ca", "t-mobile.com", "meridiangrooming.com", "playruneterra.com", "playbreakout.com", "thenorthface.com", "fido.ca", "parentingisnteasy.co", "afterpay.com", "self.com", "detailplanet.com", "olg.ca", "simplyinked.com", "bulgari.com", "chefsplate.com", "firstwefeast.com", "skipthedishes.com", "pizzapizza.ca", "boxiies.store", "justfab.ca", "princesspolly.com", "boathousestores.com", "inhhair.com", "functionofbeauty.com", "carcustomizables.com", "clearly.ca", "coach.com", "etihad.com", "toyota.ca", "bose.ca", "carloanscanada.com", "journeys.ca", "masterofmalt.com", "vanityfair.com", "getfitapps.com", "shopzimba.com", "gapcanada.ca", "goat.com", "scarymommy.com", "stockx.com", "gbny.com", "jobs-ups.ca", "glamour.com", "tiffany.ca", "thebay.com", "cluedupp.com", "gymshark.com", "relofancy.com", "ufc.com", "overtone.co", "tidal.com", "michaelhill.ca", "complex.com", "koyye.com", "narcity.com", "patrickmartin.ca", "adidas.ca", "match.com", "wayfair.com", "twentytwowords.com", "cashkaro.com", "spongelle.com", "tysonontriller.com", "aloyoga.com", "clinique.ca", "overstock.ca", "virginplus.ca", "dukecannon.com", "hulu.com", "remoteinternships.com", "torrid.com", "toysrus.ca", "vogue.com", "underarmour.com", "armani.com", "theweeknd.co", "levi.com", "gopro.com", "sallybeauty.com", "customcuff.co", "neonattack.com", "bybit.com", "booksy.com", "spotify.com", "yellowbrick.co", "herschel.com", "sephora.com", "teenvogue.com", "wsj.com", "spccard.ca", "iheart.com", "adobe.com", "fitculator.com", "peoplesjewellers.com", "smilebox.com", "journaldemontreal.com", "thehalara.com", "skillshare.com", "jeuxvideo.com", "tru.ca", "ae.com", "mixtiles.com", "windsorstore.com", "fashionnova.com", "brilliantearth.com", "starz.com", "newyorker.com", "udemy.com", "crave.ca", "fabletics.com", "buzzfeed.com", "balls.co", "giphy.com", "tiqcdn.com", "watchgang.com", "umusic.ca", "jawzrsize.com", "openfordelivery.com", "47brand.ca", "contiki.com", "bell.ca", "ranker.com", "pgford.ca", "wwd.com", "ticketmaster.com", "jobs-ups.com", "pfchangs.com", "ratemyprofessors.com", "blendjet.com", "luxyhair.com", "shadyrays.com", "ekster.com", "bloomchic.com", "quillbot.com", "snapchat.com", "vyten.com", "ardene.com", "instacart.ca", "lolesports.com", "myunidays.com", "getwinkapp.com", "mycomfyblouse.com", "shopmiraclebrand.co", "footlocker.ca", "drizly.com", "instacart.com", "carprogramcanada.org", "omaze.com", "makegoodfood.ca", "thealphawallet.com", "bloomberg.com", "airbnb.com", "trulybeauty.com", "fossil.com", "nhl.com", "betterme-apps.com", "chumbacasino.com", "lnk.to", "hushblankets.com", "fedex.ca", "canadacarprogram.com", "thepennyhoarder.com", "eat-fit-mealplan.com", "shutterfly.com", "crypto.com", "babbel.com"], "App Interactions": ["https://itunes.apple.com/us/app/id948087968", "https://itunes.apple.com/us/app/id1453884781", "https://itunes.apple.com/us/app/id1510334752", "https://itunes.apple.com/us/app/id1518267642", "https://itunes.apple.com/us/app/id1193933380", "https://itunes.apple.com/us/app/id1514542157", "https://itunes.apple.com/us/app/id775402833", "https://itunes.apple.com/us/app/id1546855758", "https://itunes.apple.com/us/app/id1064216828", "https://itunes.apple.com/us/app/id1537447555", "https://itunes.apple.com/us/app/id555063314", "https://itunes.apple.com/us/app/id1479198816", "https://itunes.apple.com/us/app/id880178264", "https://itunes.apple.com/us/app/id904052407", "https://itunes.apple.com/us/app/id1287282214", "https://itunes.apple.com/us/app/id969229981", "https://itunes.apple.com/us/app/id1530162419", "https://itunes.apple.com/us/app/id1184577212", "https://itunes.apple.com/us/app/id1330123889", "https://itunes.apple.com/us/app/id1273749004", "https://itunes.apple.com/us/app/id930441707", "https://itunes.apple.com/us/app/id1262148500", "https://itunes.apple.com/us/app/id1094591345", "https://itunes.apple.com/us/app/id1374403536", "https://itunes.apple.com/us/app/id1354452189", "https://itunes.apple.com/us/app/id1053012308", "https://itunes.apple.com/us/app/id1358222641", "https://itunes.apple.com/us/app/id547702041", "https://itunes.apple.com/us/app/id1381383825", "https://itunes.apple.com/us/app/id1458104794", "https://itunes.apple.com/us/app/id1442111093", "https://itunes.apple.com/us/app/id1552362023", "https://itunes.apple.com/us/app/id1524760095", "https://itunes.apple.com/us/app/id1041517543", "https://itunes.apple.com/us/app/id1471493354", "https://itunes.apple.com/us/app/id1482681335", "https://itunes.apple.com/us/app/id407690035", "https://itunes.apple.com/us/app/id1462911602", "https://itunes.apple.com/us/app/id1504719576", "https://itunes.apple.com/us/app/id881389278", "https://itunes.apple.com/us/app/id932779605", "https://itunes.apple.com/us/app/id881599819", "https://itunes.apple.com/us/app/id1500010832", "https://itunes.apple.com/us/app/id1464235676", "https://itunes.apple.com/us/app/id1524755868", "https://itunes.apple.com/us/app/id1229016807", "https://itunes.apple.com/us/app/id429047995", "https://itunes.apple.com/us/app/id350189835", "https://itunes.apple.com/us/app/id1336527043", "https://itunes.apple.com/us/app/id1553875472", "https://itunes.apple.com/us/app/id1538238661", "https://itunes.apple.com/us/app/id324684580", "https://itunes.apple.com/us/app/id1558155715", "https://itunes.apple.com/us/app/id436491861", "https://itunes.apple.com/us/app/id1017432937", "https://itunes.apple.com/us/app/id1292952049", "https://itunes.apple.com/us/app/id1383187127", "https://itunes.apple.com/us/app/id529479190", "https://itunes.apple.com/us/app/id1143883086", "https://itunes.apple.com/us/app/id1561830495", "https://itunes.apple.com/us/app/id405075943", "https://itunes.apple.com/us/app/id375695000", "https://itunes.apple.com/us/app/id1449194390", "https://itunes.apple.com/us/app/id1537379121", "https://itunes.apple.com/us/app/id530621395", "https://itunes.apple.com/us/app/id966758561", "https://itunes.apple.com/us/app/id336353151", "https://itunes.apple.com/us/app/id985746746", "https://itunes.apple.com/us/app/id1058959277", "https://itunes.apple.com/us/app/id1533397036", "https://itunes.apple.com/us/app/id672150402", "https://itunes.apple.com/us/app/id470412147", "https://itunes.apple.com/us/app/id906698760", "https://itunes.apple.com/us/app/id1462032423", "https://itunes.apple.com/us/app/id1389111413", "https://itunes.apple.com/us/app/id595287172", "https://itunes.apple.com/us/app/id640439547", "https://itunes.apple.com/us/app/id1535861636", "https://itunes.apple.com/us/app/id1179213067", "https://itunes.apple.com/us/app/id448142450", "https://itunes.apple.com/us/app/id1543845882", "https://itunes.apple.com/us/app/id719972451", "https://itunes.apple.com/us/app/id1355866764", "https://itunes.apple.com/us/app/id1436799971", "https://itunes.apple.com/us/app/id886427730", "https://itunes.apple.com/us/app/id1559532080", "https://itunes.apple.com/us/app/id1156192844", "https://itunes.apple.com/us/app/id545599256", "https://itunes.apple.com/us/app/id719525810", "https://itunes.apple.com/us/app/id1403491709", "https://itunes.apple.com/us/app/id545519333", "https://itunes.apple.com/us/app/id1561184462"]}, "Off-Platform Sharing": [], "Mobile Ad Id": "4904ad8c-e637-4377-8f85-881f45bb88ca"}